"niu","info_pred_util","car_t1743_tipo_usu_rc","tipo_fact","id_factura","fch_exped_factura","fch_ini_per_fact","fch_lectura_act","fch_lectura_ant","car_t1743_dias_facturados","tipo_tarifa","tipo_lectura","car_t1743_cons_usuario","car_t1743_cons_cdc","car_t1743_cons_prom_sem","car_t1743_cons_subsist","val_fact_cu","val_fact_cdc","car_t1743_rft_cu","car_t1743_rft_cdc","val_rft_cu","val_rft_cons_cdc","car_t1743_nro_familias","val_subs_usu","val_rft_subs_usu","car_t1743_nro_fact_foes","val_foes_apl_cu","val_foes_apl_cdc","val_rft_foes_apl_cu","val_rft_foes_apl_cdc","val_contrib","rft_val_contrib","car_t1743_dias_mora","val_interes_mora","val_interes_mora_cnr","val_cartera_cons","val_cartera_contrib","car_t1743_tvc","vc","vcd","vcf","car_t1743_cec","conpu","car_t1743_thc","car_t1743_hc","rft_compensa","tipo_medidor","car_t1743_cod_medidor","val_total_fact","tarifa_apl","fch_publ_tarifa_apl","fch_reg_contable","car_t1743_carga_contratada","car_t1743_cons_ene_react","car_t1743_cons_ene_react_1","tarifa_ene_react","fact_cons_ene_react","val_rft_ene_react","car_t1743_ene_activa_import","car_t1743_ene_activa_export","car_t1743_veces","car_t1743_cons_recup","valor_cons_recuperado","identificador_empresa","are_esp_nombre","car_carg_ano","car_carg_periodo"
"669553417234289316669553417","INFORMACION PREDIAL DE CADA CATASTRO","1","INICIAL","263688641922469763263688641","2021-07-19T00:00:00.000","2021-06-15T00:00:00.000","2021-07-14T00:00:00.000","2021-06-15T00:00:00.000","29","REGULADA","REAL","383",,"342","2","220911",,"0",,"0",,"0","37491","0","0","0",,"0",,"0","0","0","0","0","0","0","0","0","0","0","0","0","0","0","0","ELECTRONICO","19040390","183420","288.396",,"2021-07-19T00:00:00.000","12","182","0","0","0","0",,"0","0","0","0","2103","CODENSA S.A. ESP","2021","7"
"338691316995092941338691316","USUARIO SIN CEDULA CATASTRAL ASOCIADA POR PARTE DEL PRESTADOR","1","INICIAL","179088312989148492179088312","2021-07-01T00:00:00.000","2021-04-29T00:00:00.000","2021-06-29T00:00:00.000","2021-04-29T00:00:00.000","61","REGULADA","REAL","0",,"0","2","0",,"0",,"0",,"0","0","0","0","0",,"0",,"0","0","0","0","0","0","0","3","0","0","0","0","0","0","0","0","ELECTROMECANICO","6018730","0","286.6759",,"2021-07-01T00:00:00.000","4","0","0","0","0","0",,"0","0","0","0","2103","CODENSA S.A. ESP","2021","7"
"87152452867377376871524528","INFORMACION PREDIAL DE CADA CATASTRO","1","INICIAL","848650307367116136848650307","2021-07-23T00:00:00.000","2021-06-18T00:00:00.000","2021-07-19T00:00:00.000","2021-06-18T00:00:00.000","31","REGULADA","REAL","255",,"236","2","147082",,"0",,"0",,"0","11247","0","0","0",,"0",,"0","0","0","0","0","0","0","0","0","0","0","0","0","0","0","0","ELECTROMECANICO","4578810","135835","490.2731",,"2021-07-23T00:00:00.000","13","0","0","0","0","0",,"0","0","0","0","2103","CODENSA S.A. ESP","2021","7"
"38462739758093160384627397","INFORMACION PREDIAL DE CADA CATASTRO","1","INICIAL","746094717350068978746094717","2021-07-09T00:00:00.000","2021-06-03T00:00:00.000","2021-07-06T00:00:00.000","2021-06-03T00:00:00.000","33","REGULADA","REAL","402",,"404","5","231870",,"0",,"0",,"0","0","0","0","0",,"0",,"46374","0","0","0","113","0","0","0","0","0","0","0","0","0","0","0","ELECTRONICO","2802079","278357","692.1503",,"2021-07-09T00:00:00.000","83","0","0","0","0","0",,"0","0","0","0","2103","CODENSA S.A. ESP","2021","7"
"205862586952054126205862586","INFORMACION PREDIAL DE CADA CATASTRO","1","INICIAL","559390091440715161559390091","2021-07-01T00:00:00.000","2021-05-27T00:00:00.000","2021-06-28T00:00:00.000","2021-05-27T00:00:00.000","32","REGULADA","REAL","118",,"112","2","67656",,"0",,"0",,"0","40594","0","0","0",,"0",,"0","0","0","0","0","0","0","0","0","0","0","0","0","0","0","0","ELECTRONICO","18266619","27062","229.3407",,"2021-07-01T00:00:00.000","2","14","0","0","0","0",,"0","0","0","0","2103","CODENSA S.A. ESP","2021","7"
"728721008912352837728721008","USUARIO SIN CEDULA CATASTRAL ASOCIADA POR PARTE DEL PRESTADOR","1","INICIAL","38168659638357099381686596","2021-07-19T00:00:00.000","2021-06-15T00:00:00.000","2021-07-14T00:00:00.000","2021-06-15T00:00:00.000","29","REGULADA","REAL","133",,"163","2","71512",,"0",,"0",,"0","34949","0","0","0",,"0",,"0","0","0","0","0","0","0","0","0","0","0","0","0","0","0","0","ELECTRONICO","2915451","36563","268.8415",,"2021-07-19T00:00:00.000","1","0","0","0","0","0",,"0","0","0","0","2103","CODENSA S.A. ESP","2021","7"
"20153123511811342201531235","INFORMACION PREDIAL DE CADA CATASTRO","1","INICIAL","175689433112845574175689433","2021-07-27T00:00:00.000","2021-06-22T00:00:00.000","2021-07-22T00:00:00.000","2021-06-22T00:00:00.000","30","REGULADA","REAL","214",,"216","5","123433",,"0",,"0",,"0","0","0","0","0",,"0",,"24687","0","0","0","0","0","0","0","0","0","0","0","0","0","0","0","ELECTROMECANICO","4105101","148120","692.1503",,"2021-07-27T00:00:00.000","16","0","0","0","0","0",,"0","0","0","0","2103","CODENSA S.A. ESP","2021","7"
"175454009599811306175454009","USUARIO SIN CEDULA CATASTRAL ASOCIADA POR PARTE DEL PRESTADOR","1","INICIAL","6650056625812932766500566","2021-07-28T00:00:00.000","2021-06-24T00:00:00.000","2021-07-26T00:00:00.000","2021-06-24T00:00:00.000","32","REGULADA","REAL","268",,"215","5","154580",,"0",,"0",,"0","0","0","0","0",,"0",,"30916","0","0","0","36","0","0","1","2803","0","0","0","0","9","0","0","ELECTRONICO","161048","182729","692.1503",,"2021-07-28T00:00:00.000","3","0","0","0","0","0",,"0","0","0","0","2103","CODENSA S.A. ESP","2021","7"
"314468645468592981314468645","USUARIO SIN CEDULA CATASTRAL ASOCIADA POR PARTE DEL PRESTADOR","1","INICIAL","711903090970589188711903090","2021-07-22T00:00:00.000","2021-06-17T00:00:00.000","2021-07-16T00:00:00.000","2021-06-17T00:00:00.000","29","REGULADA","REAL","29",,"29","2","16727",,"0",,"0",,"0","10036","0","0","0",,"0",,"0","0","0","0","0","0","0","0","0","0","0","0","0","0","0","0","ELECTRONICO","25580830","6691","230.7168",,"2021-07-22T00:00:00.000","75","0","0","0","0","0",,"0","0","0","0","2103","CODENSA S.A. ESP","2021","7"
"9513302399042948695133023","INFORMACION PREDIAL DE CADA CATASTRO","1","INICIAL","152228242308804951152228242","2021-07-22T00:00:00.000","2021-06-17T00:00:00.000","2021-07-16T00:00:00.000","2021-06-17T00:00:00.000","29","REGULADA","REAL","10",,"124","2","5768",,"0",,"0",,"0","865","0","0","0",,"0",,"0","0","0","0","0","0","0","0","0","0","0","0","0","0","0","0","ELECTRONICO","2892031","4903","490.2731",,"2021-07-22T00:00:00.000","2","0","0","0","0","0",,"0","0","0","0","2103","CODENSA S.A. ESP","2021","7"
"950922393547211878950922393","INFORMACION PREDIAL DE CADA CATASTRO","1","INICIAL","239296336493465158239296336","2021-07-08T00:00:00.000","2021-06-02T00:00:00.000","2021-07-02T00:00:00.000","2021-06-02T00:00:00.000","30","REGULADA","REAL","60",,"0","2","32261",,"0",,"0",,"0","4839","0","0","0",,"0",,"0","0","0","0","0","0","0","0","0","0","0","0","0","0","0","0","ELECTRONICO","17157931","27422","457.0304",,"2021-07-08T00:00:00.000","3","4","0","0","0","0",,"0","0","0","0","2103","CODENSA S.A. ESP","2021","7"
"439827614717693176439827614","USUARIO SIN CEDULA CATASTRAL ASOCIADA POR PARTE DEL PRESTADOR","1","INICIAL","758988057330604716758988057","2021-07-27T00:00:00.000","2021-06-23T00:00:00.000","2021-07-23T00:00:00.000","2021-06-23T00:00:00.000","30","REGULADA","REAL","235",,"214","2","135546",,"0",,"0",,"0","37491","0","0","0",,"0",,"0","0","0","0","0","0","0","0","0","0","0","0","0","0","0","0","ELECTROMECANICO","19311400","98055","288.396",,"2021-07-27T00:00:00.000","2","0","0","0","0","0",,"0","0","0","0","2103","CODENSA S.A. ESP","2021","7"
"415890665637144993415890665","INFORMACION PREDIAL DE CADA CATASTRO","1","INICIAL","384513798868122903384513798","2021-07-13T00:00:00.000","2021-06-08T00:00:00.000","2021-07-08T00:00:00.000","2021-06-08T00:00:00.000","30","REGULADA","REAL","95",,"103","5","54795",,"0",,"0",,"0","0","0","0","0",,"0",,"0","0","0","0","0","0","0","0","0","0","0","0","0","0","0","0","ELECTROMECANICO","3872627","54795","576.7919",,"2021-07-13T00:00:00.000","16","0","0","0","0","0",,"0","0","0","0","2103","CODENSA S.A. ESP","2021","7"
"457324604580883856457324604","USUARIO SIN CEDULA CATASTRAL ASOCIADA POR PARTE DEL PRESTADOR","1","INICIAL","961912115218242821961912115","2021-07-01T00:00:00.000","2021-05-27T00:00:00.000","2021-06-28T00:00:00.000","2021-05-27T00:00:00.000","32","REGULADA","REAL","91",,"69","2","52175",,"0",,"0",,"0","26088","0","0","0",,"0",,"0","0","0","0","0","0","0","0","0","0","0","0","0","0","0","0","ELECTRONICO","160701","26087","286.6759",,"2021-07-01T00:00:00.000","2","0","0","0","0","0",,"0","0","0","0","2103","CODENSA S.A. ESP","2021","7"
"309393883198515092309393883","USUARIO SIN CEDULA CATASTRAL ASOCIADA POR PARTE DEL PRESTADOR","1","INICIAL","2907512021282264029075120","2021-07-19T00:00:00.000","2021-06-15T00:00:00.000","2021-07-14T00:00:00.000","2021-06-15T00:00:00.000","29","REGULADA","REAL","102",,"110","5","58833",,"0",,"0",,"0","0","0","0","0",,"0",,"0","0","0","0","0","0","0","0","0","0","0","0","0","0","0","0","ELECTRONICO","11571669","58833","576.7919",,"2021-07-19T00:00:00.000","7","0","0","0","0","0",,"0","0","0","0","2103","CODENSA S.A. ESP","2021","7"
"153534872928416187153534872","USUARIO SIN CEDULA CATASTRAL ASOCIADA POR PARTE DEL PRESTADOR","1","INICIAL","547151101385788469547151101","2021-07-16T00:00:00.000","2021-06-16T00:00:00.000","2021-07-15T00:00:00.000","2021-06-16T00:00:00.000","29","REGULADA","REAL","11",,"9","2","6345",,"0",,"0",,"0","3172","0","0","0",,"0",,"0","0","0","0","0","0","0","0","0","0","0","0","0","0","0","0","BIDIRECCIONAL","70805","3173","288.396",,"2021-07-16T00:00:00.000","3","0","0","0","0","0",,"0","0","0","0","2103","CODENSA S.A. ESP","2021","7"
"999269213380779361999269213","USUARIO SIN CEDULA CATASTRAL ASOCIADA POR PARTE DEL PRESTADOR","1","INICIAL","703441924805874868703441924","2021-07-09T00:00:00.000","2021-06-03T00:00:00.000","2021-07-06T00:00:00.000","2021-06-03T00:00:00.000","33","REGULADA","REAL","175",,"178","2","100939",,"0",,"0",,"0","37491","0","0","0",,"0",,"0","0","0","0","0","0","0","0","0","0","0","0","0","0","0","0","ELECTRONICO","951161","63448","288.396",,"2021-07-09T00:00:00.000","2","0","0","0","0","0",,"0","0","0","0","2103","CODENSA S.A. ESP","2021","7"
"748390703772669751748390703","USUARIO SIN CEDULA CATASTRAL ASOCIADA POR PARTE DEL PRESTADOR","1","INICIAL","650908561975820935650908561","2021-07-16T00:00:00.000","2021-06-16T00:00:00.000","2021-07-15T00:00:00.000","2021-06-16T00:00:00.000","29","REGULADA","REAL","100",,"111","2","57679",,"0",,"0",,"0","28840","0","0","0",,"0",,"0","0","24","191","0","47015","0","0","0","0","0","0","0","0","0","0","ELECTROMECANICO","19057830","29030","288.396",,"2021-07-16T00:00:00.000","2","0","0","0","0","0",,"0","0","0","0","2103","CODENSA S.A. ESP","2021","7"
"357068270894087899357068270","USUARIO SIN CEDULA CATASTRAL ASOCIADA POR PARTE DEL PRESTADOR","1","INICIAL","389895920458424340389895920","2021-07-09T00:00:00.000","2021-06-03T00:00:00.000","2021-07-06T00:00:00.000","2021-06-03T00:00:00.000","33","REGULADA","REAL","65",,"46","5","37491",,"0",,"0",,"0","0","0","0","0",,"0",,"7498","0","0","0","4","0","0","0","0","0","0","0","0","0","0","0","ELECTRONICO","16081805","44993","692.1503",,"2021-07-09T00:00:00.000","3","0","0","0","0","0",,"0","0","0","0","2103","CODENSA S.A. ESP","2021","7"
"668047441787463918668047441","USUARIO SIN CEDULA CATASTRAL ASOCIADA POR PARTE DEL PRESTADOR","1","INICIAL","769514261683924390769514261","2021-07-15T00:00:00.000","2021-06-15T00:00:00.000","2021-07-14T00:00:00.000","2021-06-15T00:00:00.000","29","REGULADA","REAL","39",,"58","2","22495",,"0",,"0",,"0","11247","0","0","0",,"0",,"0","0","0","0","0","0","0","0","0","0","0","0","0","0","0","0","ELECTRONICO","776174","11248","288.396",,"2021-07-15T00:00:00.000","4","0","0","0","0","0",,"0","0","0","0","2103","CODENSA S.A. ESP","2021","7"
"715254472694915119715254472","INFORMACION PREDIAL DE CADA CATASTRO","1","INICIAL","444034277771818759444034277","2021-07-28T00:00:00.000","2021-06-24T00:00:00.000","2021-07-26T00:00:00.000","2021-06-24T00:00:00.000","32","REGULADA","REAL","261",,"244","2","150543",,"0",,"0",,"0","44990","0","0","0",,"0",,"0","0","0","0","0","0","0","0","0","0","0","0","0","2","0","0","ELECTROMECANICO","25469021","105553","230.7168",,"2021-07-28T00:00:00.000","2","0","0","0","0","0",,"0","0","0","0","2103","CODENSA S.A. ESP","2021","7"
"853701404399814274853701404","USUARIO SIN CEDULA CATASTRAL ASOCIADA POR PARTE DEL PRESTADOR","1","INICIAL","522583724163572699522583724","2021-07-27T00:00:00.000","2021-06-22T00:00:00.000","2021-07-22T00:00:00.000","2021-06-22T00:00:00.000","30","REGULADA","REAL","465",,"376","5","268208",,"0",,"0",,"0","0","0","0","0",,"0",,"53642","0","0","0","0","0","0","0","0","0","0","0","0","4","0","0","ELECTROMECANICO","6020284","321850","692.1503",,"2021-07-27T00:00:00.000","3","0","0","0","0","0",,"0","0","0","0","2103","CODENSA S.A. ESP","2021","7"
"6817365248453980681736524","USUARIO SIN CEDULA CATASTRAL ASOCIADA POR PARTE DEL PRESTADOR","1","INICIAL","969243750301084417969243750","2021-07-06T00:00:00.000","2021-05-31T00:00:00.000","2021-06-30T00:00:00.000","2021-05-31T00:00:00.000","30","REGULADA","REAL","183",,"154","2","104923",,"0",,"0",,"0","11180","0","0","0",,"0",,"0","0","0","0","0","0","0","0","0","0","0","0","0","0","0","0","ELECTROMECANICO","1055453","93743","487.349",,"2021-07-06T00:00:00.000","7.2","0","0","0","0","0",,"0","0","0","0","2103","CODENSA S.A. ESP","2021","7"
"381017110778010053381017110","USUARIO SIN CEDULA CATASTRAL ASOCIADA POR PARTE DEL PRESTADOR","1","INICIAL","139079275475918442139079275","2021-07-28T00:00:00.000","2021-06-24T00:00:00.000","2021-07-26T00:00:00.000","2021-06-24T00:00:00.000","32","REGULADA","REAL","121",,"127","5","69792",,"0",,"0",,"0","0","0","0","0",,"0",,"0","0","0","0","0","0","0","14","0","0","0","0","0","0","0","0","ELECTRONICO","2906079","69792","576.7919",,"2021-07-28T00:00:00.000","1","0","0","0","0","0",,"0","0","0","0","2103","CODENSA S.A. ESP","2021","7"
"767028321985843022767028321","INFORMACION PREDIAL DE CADA CATASTRO","1","INICIAL","808235146833731726808235146","2021-07-15T00:00:00.000","2021-06-10T00:00:00.000","2021-07-12T00:00:00.000","2021-06-10T00:00:00.000","32","REGULADA","REAL","194",,"170","2","111898",,"0",,"0",,"0","11247","0","0","0",,"0",,"0","0","0","0","0","0","0","0","0","0","0","0","0","0","0","0","ELECTROMECANICO","16004762","100651","490.2731",,"2021-07-15T00:00:00.000","5","0","0","0","0","0",,"0","0","0","0","2103","CODENSA S.A. ESP","2021","7"
"594040169213883731594040169","INFORMACION PREDIAL DE CADA CATASTRO","1","INICIAL","784263579497628255784263579","2021-07-07T00:00:00.000","2021-06-01T00:00:00.000","2021-07-01T00:00:00.000","2021-06-01T00:00:00.000","30","REGULADA","REAL","123",,"135","2","70522",,"0",,"0",,"0","10578","0","0","0",,"0",,"0","0","0","0","0","0","0","0","0","0","0","0","0","0","0","0","ELECTROMECANICO","4305991","59944","487.349",,"2021-07-07T00:00:00.000","3","0","0","0","0","0",,"0","0","0","0","2103","CODENSA S.A. ESP","2021","7"
"911067799694748294911067799","USUARIO SIN CEDULA CATASTRAL ASOCIADA POR PARTE DEL PRESTADOR","1","INICIAL","450910557989569402450910557","2021-07-28T00:00:00.000","2021-06-24T00:00:00.000","2021-07-26T00:00:00.000","2021-06-24T00:00:00.000","32","REGULADA","REAL","55",,"56","5","31724",,"0",,"0",,"0","0","0","0","0",,"0",,"0","0","20","295","0","38415","0","11","0","0","1118","53","1118","0","0","0","ELECTRONICO","8318306","32019","576.7919",,"2021-07-28T00:00:00.000","2.4","0","0","0","0","0",,"0","5","0","0","2103","CODENSA S.A. ESP","2021","7"
"571178821677672654571178821","INFORMACION PREDIAL DE CADA CATASTRO","1","INICIAL","632939693129016266632939693","2021-07-27T00:00:00.000","2021-06-23T00:00:00.000","2021-07-23T00:00:00.000","2021-06-23T00:00:00.000","30","REGULADA","REAL","150",,"164","2","86519",,"0",,"0",,"0","11247","0","0","0",,"0",,"0","0","0","0","0","0","0","0","0","0","0","0","0","0","0","0","ELECTRONICO","75139","75272","490.2731",,"2021-07-27T00:00:00.000","2","0","0","0","0","0",,"0","0","0","0","2103","CODENSA S.A. ESP","2021","7"
"964210950663064734964210950","INFORMACION PREDIAL DE CADA CATASTRO","1","INICIAL","798269242310002359798269242","2021-07-16T00:00:00.000","2021-06-11T00:00:00.000","2021-07-13T00:00:00.000","2021-06-11T00:00:00.000","32","REGULADA","REAL","0",,"85","5","0",,"0",,"0",,"0","0","0","0","0",,"0",,"0","0","0","0","0","0","0","0","0","0","0","0","0","0","0","0","ELECTRONICO","20017","0","576.7919",,"2021-07-16T00:00:00.000","9","0","0","0","0","0",,"0","0","0","0","2103","CODENSA S.A. ESP","2021","7"
"130130054254088662130130054","USUARIO SIN CEDULA CATASTRAL ASOCIADA POR PARTE DEL PRESTADOR","1","INICIAL","593048403318349342593048403","2021-07-19T00:00:00.000","2021-06-15T00:00:00.000","2021-07-14T00:00:00.000","2021-06-15T00:00:00.000","29","REGULADA","REAL","114",,"114","2","65754",,"0",,"0",,"0","32877","0","0","0",,"0",,"0","0","0","0","0","0","0","0","0","0","0","0","0","0","0","0","ELECTRONICO","4595","35695","288.396",,"2021-07-19T00:00:00.000","3","71","14","0","2818","0",,"0","0","0","0","2103","CODENSA S.A. ESP","2021","7"
"762082591909261306762082591","USUARIO SIN CEDULA CATASTRAL ASOCIADA POR PARTE DEL PRESTADOR","1","INICIAL","39748236860545873974823","2021-07-09T00:00:00.000","2021-06-03T00:00:00.000","2021-07-06T00:00:00.000","2021-06-03T00:00:00.000","33","REGULADA","REAL","588",,"530","2","339154",,"0",,"0",,"0","11247","0","0","0",,"0",,"0","0","0","0","0","0","0","0","0","0","0","0","0","0","0","0","ELECTRONICO","1061581","327907","490.2731",,"2021-07-09T00:00:00.000","6","0","0","0","0","0",,"0","0","0","0","2103","CODENSA S.A. ESP","2021","7"
"722412288924857230722412288","USUARIO SIN CEDULA CATASTRAL ASOCIADA POR PARTE DEL PRESTADOR","1","INICIAL","386980639698889702386980639","2021-07-23T00:00:00.000","2021-06-18T00:00:00.000","2021-07-19T00:00:00.000","2021-06-18T00:00:00.000","31","REGULADA","REAL","121",,"115","5","69792",,"0",,"0",,"0","0","0","0","0",,"0",,"0","0","0","0","0","0","0","0","0","0","0","0","0","0","0","0","ELECTROMECANICO","10013094","69792","576.7919",,"2021-07-23T00:00:00.000","9","0","0","0","0","0",,"0","0","0","0","2103","CODENSA S.A. ESP","2021","7"
"601111519184156324601111519","INFORMACION PREDIAL DE CADA CATASTRO","1","INICIAL","18644343693691291186443436","2021-07-15T00:00:00.000","2021-06-10T00:00:00.000","2021-07-12T00:00:00.000","2021-06-10T00:00:00.000","32","REGULADA","REAL","217",,"205","5","125164",,"0",,"0",,"0","0","0","0","0",,"0",,"25033","0","0","0","0","0","0","0","0","0","0","0","0","0","0","0","ELECTROMECANICO","3830189","150197","692.1503",,"2021-07-15T00:00:00.000","30","0","0","0","0","0",,"0","0","0","0","2103","CODENSA S.A. ESP","2021","7"
"108064371173538093108064371","USUARIO SIN CEDULA CATASTRAL ASOCIADA POR PARTE DEL PRESTADOR","1","INICIAL","966841326570557520966841326","2021-07-13T00:00:00.000","2021-06-08T00:00:00.000","2021-07-08T00:00:00.000","2021-06-08T00:00:00.000","30","REGULADA","REAL","101",,"84","2","58256",,"0",,"0",,"0","8738","0","0","0",,"0",,"0","0","0","0","0","0","0","0","0","0","0","0","0","0","0","0","ELECTRONICO","14030319","49518","490.2731",,"2021-07-13T00:00:00.000","113","0","0","0","0","0",,"0","0","0","0","2103","CODENSA S.A. ESP","2021","7"
"746149573968133914746149573","USUARIO SIN CEDULA CATASTRAL ASOCIADA POR PARTE DEL PRESTADOR","1","INICIAL","443474729601319699443474729","2021-07-16T00:00:00.000","2021-06-11T00:00:00.000","2021-07-13T00:00:00.000","2021-06-11T00:00:00.000","32","REGULADA","REAL","19",,"19","2","10216",,"0",,"0",,"0","5108","0","0","0",,"0",,"0","0","0","0","0","0","0","0","0","0","0","0","0","0","0","0","ELECTRONICO","163561","5108","268.8415",,"2021-07-16T00:00:00.000","3","0","0","0","0","0",,"0","0","0","0","2103","CODENSA S.A. ESP","2021","7"
"848767574386711056848767574","INFORMACION PREDIAL DE CADA CATASTRO","1","INICIAL","371377336638189978371377336","2021-07-19T00:00:00.000","2021-06-15T00:00:00.000","2021-07-14T00:00:00.000","2021-06-15T00:00:00.000","29","REGULADA","REAL","208",,"217","2","119973",,"0",,"0",,"0","11247","0","0","0",,"0",,"0","0","0","0","0","0","0","0","0","0","0","0","0","0","0","0","ELECTRONICO","223513","108726","490.2731",,"2021-07-19T00:00:00.000","7","0","0","0","0","0",,"0","0","0","0","2103","CODENSA S.A. ESP","2021","7"
"121524583385226802121524583","INFORMACION PREDIAL DE CADA CATASTRO","1","INICIAL","241681524428029499241681524","2021-07-13T00:00:00.000","2021-06-08T00:00:00.000","2021-07-08T00:00:00.000","2021-06-08T00:00:00.000","30","REGULADA","REAL","111",,"101","2","64024",,"0",,"0",,"0","9604","0","0","0",,"0",,"0","0","0","0","0","0","0","0","0","0","0","0","0","0","0","0","ELECTRONICO","4602635016","54420","490.2731",,"2021-07-13T00:00:00.000","2","0","0","0","0","0",,"0","0","0","0","2103","CODENSA S.A. ESP","2021","7"
"41036022977346286410360229","INFORMACION PREDIAL DE CADA CATASTRO","1","INICIAL","478280546130297288478280546","2021-07-01T00:00:00.000","2021-05-27T00:00:00.000","2021-06-28T00:00:00.000","2021-05-27T00:00:00.000","32","REGULADA","REAL","54",,"44","5","28862",,"0",,"0",,"0","0","0","0","0",,"0",,"0","0","0","0","0","0","0","0","0","0","0","0","0","0","0","0","INTELIGENTE BIDIRECCIONAL","75631","28862","534.4759",,"2021-07-01T00:00:00.000","3","0","0","0","0","0",,"0","0","0","0","2103","CODENSA S.A. ESP","2021","7"
"631356882164637043631356882","USUARIO SIN CEDULA CATASTRAL ASOCIADA POR PARTE DEL PRESTADOR","1","INICIAL","198650900212969272198650900","2021-07-15T00:00:00.000","2021-06-10T00:00:00.000","2021-07-12T00:00:00.000","2021-06-10T00:00:00.000","32","REGULADA","REAL","53",,"117","2","30570",,"0",,"0",,"0","15285","0","0","0",,"0",,"0","0","0","0","0","0","0","0","0","0","0","0","0","0","0","0","ELECTRONICO","25567443","15285","288.396",,"2021-07-15T00:00:00.000","3","0","0","0","0","0",,"0","0","0","0","2103","CODENSA S.A. ESP","2021","7"
"710891284331927162710891284","USUARIO SIN CEDULA CATASTRAL ASOCIADA POR PARTE DEL PRESTADOR","1","INICIAL","703780310114761347703780310","2021-07-09T00:00:00.000","2021-06-03T00:00:00.000","2021-07-06T00:00:00.000","2021-06-03T00:00:00.000","33","REGULADA","REAL","163",,"191","2","87642",,"0",,"0",,"0","34949","0","0","0",,"0",,"0","0","0","0","0","0","0","0","0","0","0","0","0","0","0","0","ELECTRONICO","80031","52693","268.8415",,"2021-07-09T00:00:00.000","3","51","0","0","0","0",,"0","0","0","0","2103","CODENSA S.A. ESP","2021","7"
"519537498581921712519537498","INFORMACION PREDIAL DE CADA CATASTRO","1","INICIAL","731947597757661563731947597","2021-07-13T00:00:00.000","2021-06-08T00:00:00.000","2021-07-08T00:00:00.000","2021-06-08T00:00:00.000","30","REGULADA","REAL","155",,"195","2","89403",,"0",,"0",,"0","37491","0","0","0",,"0",,"0","0","0","0","0","0","0","0","0","0","0","0","0","0","0","0","ELECTROMECANICO","26656041","51912","288.396",,"2021-07-13T00:00:00.000","7.2","0","0","0","0","0",,"0","0","0","0","2103","CODENSA S.A. ESP","2021","7"
"5717897519637688857178975","USUARIO SIN CEDULA CATASTRAL ASOCIADA POR PARTE DEL PRESTADOR","1","INICIAL","728631214934051431728631214","2021-07-08T00:00:00.000","2021-06-02T00:00:00.000","2021-07-02T00:00:00.000","2021-06-02T00:00:00.000","30","REGULADA","REAL","193",,"178","2","111321",,"0",,"0",,"0","37491","0","0","0",,"0",,"0","0","0","0","0","0","0","0","0","0","0","0","0","0","0","0","ELECTRONICO","205380","73830","288.396",,"2021-07-08T00:00:00.000","3","0","0","0","0","0",,"0","0","0","0","2103","CODENSA S.A. ESP","2021","7"
"718624032828323645718624032","INFORMACION PREDIAL DE CADA CATASTRO","1","INICIAL","9895553331718003989555333","2021-07-22T00:00:00.000","2021-06-17T00:00:00.000","2021-07-16T00:00:00.000","2021-06-17T00:00:00.000","29","REGULADA","REAL","204",,"215","2","117666",,"0",,"0",,"0","37491","0","0","0",,"0",,"0","0","0","0","0","0","0","0","0","0","0","0","0","0","0","0","ELECTRONICO","14886","80175","288.396",,"2021-07-22T00:00:00.000","150","0","0","0","0","0",,"0","0","0","0","2103","CODENSA S.A. ESP","2021","7"
"2980337179829278229803371","USUARIO SIN CEDULA CATASTRAL ASOCIADA POR PARTE DEL PRESTADOR","1","INICIAL","32332805943601860323328059","2021-07-14T00:00:00.000","2021-06-11T00:00:00.000","2021-07-13T00:00:00.000","2021-06-11T00:00:00.000","32","REGULADA","REAL","27",,"16","5","14517",,"0",,"0",,"0","0","0","0","0",,"0",,"0","0","0","0","0","0","0","0","0","0","0","0","0","0","0","0","ELECTRONICO","20322370","14517","537.6828",,"2021-07-14T00:00:00.000","6","7","0","0","0","0",,"0","0","0","0","2103","CODENSA S.A. ESP","2021","7"
"814036032222732355814036032","INFORMACION PREDIAL DE CADA CATASTRO","1","INICIAL","893293611695093571893293611","2021-07-01T00:00:00.000","2021-05-27T00:00:00.000","2021-06-28T00:00:00.000","2021-05-27T00:00:00.000","32","REGULADA","REAL","96",,"83","5","55042",,"0",,"0",,"0","0","0","0","0",,"0",,"0","0","22","165","0","50724","0","0","0","0","0","0","0","0","0","0","ELECTROMECANICO","10024527","55207","573.3518",,"2021-07-01T00:00:00.000","29","0","0","0","0","0",,"0","0","0","0","2103","CODENSA S.A. ESP","2021","7"
"687573112777332041687573112","USUARIO SIN CEDULA CATASTRAL ASOCIADA POR PARTE DEL PRESTADOR","1","INICIAL","322049063531649747322049063","2021-07-02T00:00:00.000","2021-05-28T00:00:00.000","2021-06-29T00:00:00.000","2021-05-28T00:00:00.000","32","REGULADA","REAL","39",,"20","2","22361",,"0",,"0",,"0","3354","0","0","0",,"0",,"0","0","0","0","0","0","0","0","0","0","0","0","0","0","0","0","ELECTRONICO","73080","19007","487.349",,"2021-07-02T00:00:00.000","3","0","0","0","0","0",,"0","0","0","0","2103","CODENSA S.A. ESP","2021","7"
"829346769734805018829346769","INFORMACION PREDIAL DE CADA CATASTRO","1","INICIAL","980645640529213618980645640","2021-07-14T00:00:00.000","2021-06-09T00:00:00.000","2021-07-09T00:00:00.000","2021-06-09T00:00:00.000","30","REGULADA","REAL","193",,"200","5","111321",,"0",,"0",,"0","0","0","0","0",,"0",,"0","0","0","0","0","0","0","0","0","0","0","0","0","0","0","0","ELECTROMECANICO","3112","111321","576.7919",,"2021-07-14T00:00:00.000","16","0","0","0","0","0",,"0","0","0","0","2103","CODENSA S.A. ESP","2021","7"
"22190607261059922190607","USUARIO SIN CEDULA CATASTRAL ASOCIADA POR PARTE DEL PRESTADOR","1","INICIAL","39709871035626517397098710","2021-07-06T00:00:00.000","2021-05-04T00:00:00.000","2021-07-02T00:00:00.000","2021-05-04T00:00:00.000","59","REGULADA","REAL","105",,"118","2","60202",,"0",,"0",,"0","30101","0","0","0",,"0",,"0","0","0","0","0","0","0","2","0","0","0","0","0","0","0","0","ELECTRONICO","102013030","30101","286.6759",,"2021-07-06T00:00:00.000","11","0","0","0","0","0",,"0","0","0","0","2103","CODENSA S.A. ESP","2021","7"
"530709812619710165530709812","USUARIO SIN CEDULA CATASTRAL ASOCIADA POR PARTE DEL PRESTADOR","1","INICIAL","916419380541892734916419380","2021-07-22T00:00:00.000","2021-06-17T00:00:00.000","2021-07-16T00:00:00.000","2021-06-17T00:00:00.000","29","REGULADA","REAL","49",,"57","2","28263",,"0",,"0",,"0","14132","0","0","0",,"0",,"0","0","0","0","0","0","0","0","0","0","0","0","0","0","0","0","ELECTRONICO","35716","14131","288.396",,"2021-07-22T00:00:00.000","3","20","0","0","0","0",,"0","0","0","0","2103","CODENSA S.A. ESP","2021","7"
"427929477519031226427929477","USUARIO SIN CEDULA CATASTRAL ASOCIADA POR PARTE DEL PRESTADOR","1","INICIAL","354526355880773753354526355","2021-07-01T00:00:00.000","2021-05-27T00:00:00.000","2021-06-28T00:00:00.000","2021-05-27T00:00:00.000","32","REGULADA","REAL","65",,"70","2","34741",,"0",,"0",,"0","5211","0","0","0",,"0",,"0","0","0","0","0","0","0","0","0","0","0","0","0","0","0","0","ELECTRONICO","541432","29530","454.3045",,"2021-07-01T00:00:00.000","3","0","0","0","0","0",,"0","0","0","0","2103","CODENSA S.A. ESP","2021","7"
"158086166869840910158086166","INFORMACION PREDIAL DE CADA CATASTRO","1","INICIAL","7587545538299053758754553","2021-07-27T00:00:00.000","2021-06-22T00:00:00.000","2021-07-22T00:00:00.000","2021-06-22T00:00:00.000","30","REGULADA","REAL","48",,"61","2","27686",,"0",,"0",,"0","4153","0","0","0",,"0",,"0","0","0","0","0","0","0","0","0","0","0","0","0","0","0","0","ELECTRONICO","12068133","23533","490.2731",,"2021-07-27T00:00:00.000","2","0","0","0","0","0",,"0","0","0","0","2103","CODENSA S.A. ESP","2021","7"
"271497103424818267271497103","USUARIO SIN CEDULA CATASTRAL ASOCIADA POR PARTE DEL PRESTADOR","1","INICIAL","352872132172657532352872132","2021-07-23T00:00:00.000","2021-06-18T00:00:00.000","2021-07-19T00:00:00.000","2021-06-18T00:00:00.000","31","REGULADA","REAL","248",,"250","2","143044",,"0",,"0",,"0","37491","0","0","0",,"0",,"0","0","0","0","0","0","0","0","0","0","0","0","0","0","0","0","ELECTRONICO","2811848","105553","288.396",,"2021-07-23T00:00:00.000","3","0","0","0","0","0",,"0","0","0","0","2103","CODENSA S.A. ESP","2021","7"
"70857246589080693708572465","INFORMACION PREDIAL DE CADA CATASTRO","1","INICIAL","55606616151026990556066161","2021-07-19T00:00:00.000","2021-06-15T00:00:00.000","2021-07-14T00:00:00.000","2021-06-15T00:00:00.000","29","REGULADA","REAL","575",,"593","2","331655",,"0",,"0",,"0","37491","0","0","0",,"0",,"0","0","0","0","0","0","0","0","0","0","0","0","0","0","0","0","ELECTROMECANICO","24619697","294164","288.396",,"2021-07-19T00:00:00.000","2","0","0","0","0","0",,"0","0","0","0","2103","CODENSA S.A. ESP","2021","7"
"429998292988686534429998292","USUARIO SIN CEDULA CATASTRAL ASOCIADA POR PARTE DEL PRESTADOR","1","INICIAL","787224634431543401787224634","2021-07-01T00:00:00.000","2021-05-26T00:00:00.000","2021-06-25T00:00:00.000","2021-05-26T00:00:00.000","30","REGULADA","REAL","118",,"125","2","63068",,"0",,"0",,"0","9460","0","0","0",,"0",,"0","0","0","0","0","0","0","0","0","0","0","0","0","0","0","0","ELECTRONICO","993240","53608","454.3045",,"2021-07-01T00:00:00.000","6","0","0","0","0","0",,"0","0","0","0","2103","CODENSA S.A. ESP","2021","7"
"907780551624717038907780551","USUARIO SIN CEDULA CATASTRAL ASOCIADA POR PARTE DEL PRESTADOR","1","INICIAL","967761263509397325967761263","2021-07-08T00:00:00.000","2021-06-02T00:00:00.000","2021-07-02T00:00:00.000","2021-06-02T00:00:00.000","30","REGULADA","REAL","193",,"242","2","111321",,"0",,"0",,"0","37491","0","0","0",,"0",,"0","0","0","0","0","0","0","0","0","0","0","0","0","0","0","0","ELECTRONICO","125116","73830","288.396",,"2021-07-08T00:00:00.000","8","0","0","0","0","0",,"0","0","0","0","2103","CODENSA S.A. ESP","2021","7"
"335941365692440903335941365","USUARIO SIN CEDULA CATASTRAL ASOCIADA POR PARTE DEL PRESTADOR","1","INICIAL","751966073247407488751966073","2021-07-06T00:00:00.000","2021-05-31T00:00:00.000","2021-06-30T00:00:00.000","2021-05-31T00:00:00.000","30","REGULADA","REAL","87",,"95","5","46499",,"0",,"0",,"0","0","0","0","0",,"0",,"0","0","0","0","0","0","0","0","0","0","0","0","0","0","0","0","ELECTRONICO","25977315","46499","534.4759",,"2021-07-06T00:00:00.000","9","0","0","0","0","0",,"0","0","0","0","2103","CODENSA S.A. ESP","2021","7"
"604048531116102653604048531","USUARIO SIN CEDULA CATASTRAL ASOCIADA POR PARTE DEL PRESTADOR","1","INICIAL","86565339339154134865653393","2021-07-27T00:00:00.000","2021-06-23T00:00:00.000","2021-07-23T00:00:00.000","2021-06-23T00:00:00.000","30","REGULADA","REAL","265",,"325","2","152850",,"0",,"0",,"0","11247","0","0","0",,"0",,"0","0","0","0","0","0","0","0","0","0","0","0","0","0","0","0","ELECTROMECANICO","30074500","141603","490.2731",,"2021-07-27T00:00:00.000","2","0","0","0","0","0",,"0","0","0","0","2103","CODENSA S.A. ESP","2021","7"
"251031071458143087251031071","INFORMACION PREDIAL DE CADA CATASTRO","1","INICIAL","506423097297995878506423097","2021-07-27T00:00:00.000","2021-06-22T00:00:00.000","2021-07-22T00:00:00.000","2021-06-22T00:00:00.000","30","REGULADA","REAL","154",,"149","2","88826",,"0",,"0",,"0","44990","0","0","0",,"0",,"0","0","0","0","0","0","0","0","0","0","0","0","0","0","0","0","ELECTROMECANICO","24200259","43836","230.7168",,"2021-07-27T00:00:00.000","2","0","0","0","0","0",,"0","0","0","0","2103","CODENSA S.A. ESP","2021","7"
"621293539690353042621293539","INFORMACION PREDIAL DE CADA CATASTRO","1","INICIAL","173536599895323807173536599","2021-07-26T00:00:00.000","2021-06-21T00:00:00.000","2021-07-21T00:00:00.000","2021-06-21T00:00:00.000","30","REGULADA","REAL","92",,"91","2","53065",,"0",,"0",,"0","7960","0","0","0",,"0",,"0","0","0","0","0","0","0","0","0","0","0","0","0","0","0","0","ELECTROMECANICO","16021831","45105","490.2731",,"2021-07-26T00:00:00.000","2","0","0","0","0","0",,"0","0","0","0","2103","CODENSA S.A. ESP","2021","7"
"613951998929263539613951998","INFORMACION PREDIAL DE CADA CATASTRO","1","INICIAL","853044610646594872853044610","2021-07-15T00:00:00.000","2021-06-10T00:00:00.000","2021-07-12T00:00:00.000","2021-06-10T00:00:00.000","32","REGULADA","REAL","87",,"81","2","50181",,"0",,"0",,"0","7527","0","0","0",,"0",,"0","0","0","0","0","0","0","0","0","0","0","0","0","0","0","0","ELECTROMECANICO","28901201","42654","490.2731",,"2021-07-15T00:00:00.000","2","0","0","0","0","0",,"0","0","0","0","2103","CODENSA S.A. ESP","2021","7"
"887433449253713456887433449","INFORMACION PREDIAL DE CADA CATASTRO","1","INICIAL","4781970871539752747819708","2021-07-16T00:00:00.000","2021-06-11T00:00:00.000","2021-07-13T00:00:00.000","2021-06-11T00:00:00.000","32","REGULADA","REAL","164",,"143","5","94594",,"0",,"0",,"0","0","0","0","0",,"0",,"0","0","0","0","0","0","0","0","0","0","0","0","0","0","0","0","ELECTRONICO","10035117","94594","576.7919",,"2021-07-16T00:00:00.000","6","0","0","0","0","0",,"0","0","0","0","2103","CODENSA S.A. ESP","2021","7"
"867503046559414842867503046","USUARIO SIN CEDULA CATASTRAL ASOCIADA POR PARTE DEL PRESTADOR","1","INICIAL","5478505436797930754785054","2021-07-02T00:00:00.000","2021-05-28T00:00:00.000","2021-06-29T00:00:00.000","2021-05-28T00:00:00.000","32","REGULADA","REAL","111",,"88","2","63642",,"0",,"0",,"0","31821","0","0","0",,"0",,"0","0","0","0","0","0","0","0","0","0","0","0","0","0","0","0","ELECTROMECANICO","16005429","31821","286.6759",,"2021-07-02T00:00:00.000","2","0","0","0","0","0",,"0","0","0","0","2103","CODENSA S.A. ESP","2021","7"
"56936298112034695569362981","INFORMACION PREDIAL DE CADA CATASTRO","1","INICIAL","174178884749265099174178884","2021-07-01T00:00:00.000","2021-05-26T00:00:00.000","2021-06-25T00:00:00.000","2021-05-26T00:00:00.000","30","REGULADA","REAL","118",,"105","5","67656",,"0",,"0",,"0","0","0","0","0",,"0",,"0","0","0","0","0","0","0","0","0","0","0","0","0","0","0","0","ELECTROMECANICO","6278812","67656","573.3518",,"2021-07-01T00:00:00.000","15","0","0","0","0","0",,"0","0","0","0","2103","CODENSA S.A. ESP","2021","7"
"644360208721309780644360208","USUARIO SIN CEDULA CATASTRAL ASOCIADA POR PARTE DEL PRESTADOR","1","INICIAL","9603322291780525396033222","2021-07-02T00:00:00.000","2021-06-01T00:00:00.000","2021-07-01T00:00:00.000","2021-06-01T00:00:00.000","30","REGULADA","REAL","235",,"246","2","134738",,"0",,"0",,"0","37268","0","0","0",,"0",,"0","0","0","0","0","0","0","0","0","0","0","0","0","0","0","0","ELECTROMECANICO","24049872","97470","286.6759",,"2021-07-02T00:00:00.000","4","0","0","0","0","0",,"0","0","0","0","2103","CODENSA S.A. ESP","2021","7"
"156031500859560873156031500","USUARIO SIN CEDULA CATASTRAL ASOCIADA POR PARTE DEL PRESTADOR","1","INICIAL","865765050916388460865765050","2021-07-21T00:00:00.000","2021-06-16T00:00:00.000","2021-07-15T00:00:00.000","2021-06-16T00:00:00.000","29","REGULADA","REAL","60",,"70","2","32261",,"0",,"0",,"0","16131","0","0","0",,"0",,"0","0","0","0","0","0","0","0","0","0","0","0","0","0","0","0","ELECTRONICO","204400","16130","268.8415",,"2021-07-21T00:00:00.000","3","0","0","0","0","0",,"0","0","0","0","2103","CODENSA S.A. ESP","2021","7"
"223745197842118269223745197","USUARIO SIN CEDULA CATASTRAL ASOCIADA POR PARTE DEL PRESTADOR","1","INICIAL","517319395539666468517319395","2021-07-01T00:00:00.000","2021-05-28T00:00:00.000","2021-06-29T00:00:00.000","2021-05-28T00:00:00.000","32","REGULADA","REAL","87",,"71","2","49882",,"0",,"0",,"0","24941","0","0","0",,"0",,"0","0","0","0","0","0","0","0","0","0","0","0","0","2","0","0","ELECTROMECANICO","1065751","24941","286.6759",,"2021-07-01T00:00:00.000","3","0","0","0","0","0",,"0","0","0","0","2103","CODENSA S.A. ESP","2021","7"
"259216292929088209259216292","USUARIO SIN CEDULA CATASTRAL ASOCIADA POR PARTE DEL PRESTADOR","1","INICIAL","759985383647818526759985383","2021-07-09T00:00:00.000","2021-06-08T00:00:00.000","2021-07-08T00:00:00.000","2021-06-08T00:00:00.000","30","REGULADA","REAL","166",,"141","2","95747",,"0",,"0",,"0","37491","0","0","0",,"0",,"0","0","0","0","0","0","0","0","0","0","0","0","0","0","0","0","ELECTRONICO","266592","58256","288.396",,"2021-07-09T00:00:00.000","3","0","0","0","0","0",,"0","0","0","0","2103","CODENSA S.A. ESP","2021","7"
"576015864703216003576015864","USUARIO SIN CEDULA CATASTRAL ASOCIADA POR PARTE DEL PRESTADOR","1","INICIAL","453798658726931033453798658","2021-07-09T00:00:00.000","2021-06-03T00:00:00.000","2021-07-06T00:00:00.000","2021-06-03T00:00:00.000","33","REGULADA","REAL","2627",,"2421","5","1412493",,"0",,"0",,"0","0","0","0","0",,"0",,"282499","0","0","0","813","0","0","0","0","0","0","0","0","0","0","0","ELECTRONICO","254960","1695805","645.2194",,"2021-07-09T00:00:00.000","9","0","0","0","0","0",,"0","0","0","0","2103","CODENSA S.A. ESP","2021","7"
"43600703942373636436007039","USUARIO SIN CEDULA CATASTRAL ASOCIADA POR PARTE DEL PRESTADOR","1","INICIAL","435299272706607343529927","2021-07-14T00:00:00.000","2021-06-09T00:00:00.000","2021-07-09T00:00:00.000","2021-06-09T00:00:00.000","30","REGULADA","REAL","119",,"120","2","68638",,"0",,"0",,"0","34319","0","0","0",,"0",,"0","0","0","0","0","0","0","0","0","0","0","0","0","0","0","0","ELECTRONICO","2945394","34319","288.396",,"2021-07-14T00:00:00.000","2","0","0","0","0","0",,"0","0","0","0","2103","CODENSA S.A. ESP","2021","7"
"889611619158530816889611619","INFORMACION PREDIAL DE CADA CATASTRO","1","INICIAL","106897960235543159106897960","2021-07-01T00:00:00.000","2021-05-27T00:00:00.000","2021-06-28T00:00:00.000","2021-05-27T00:00:00.000","32","REGULADA","REAL","86",,"65","5","49308",,"0",,"0",,"0","0","0","0","0",,"0",,"0","0","0","0","0","0","0","0","0","0","0","0","0","0","0","0","ELECTROMECANICO","4705787","49308","573.3518",,"2021-07-01T00:00:00.000","12","0","0","0","0","0",,"0","0","0","0","2103","CODENSA S.A. ESP","2021","7"
"301063970188023441301063970","INFORMACION PREDIAL DE CADA CATASTRO","1","INICIAL","341355428781059513341355428","2021-07-28T00:00:00.000","2021-06-24T00:00:00.000","2021-07-26T00:00:00.000","2021-06-24T00:00:00.000","32","REGULADA","REAL","129",,"126","2","74406",,"0",,"0",,"0","11161","0","0","0",,"0",,"0","0","0","0","0","0","0","0","0","0","0","0","0","0","0","0","ELECTROMECANICO","3833309","63245","490.2731",,"2021-07-28T00:00:00.000","7","0","0","0","0","0",,"0","0","0","0","2103","CODENSA S.A. ESP","2021","7"
"186055225688932135186055225","INFORMACION PREDIAL DE CADA CATASTRO","1","INICIAL","364693068310010186364693068","2021-07-23T00:00:00.000","2021-06-18T00:00:00.000","2021-07-19T00:00:00.000","2021-06-18T00:00:00.000","31","REGULADA","REAL","149",,"129","2","85942",,"0",,"0",,"0","44990","0","0","0",,"0",,"0","0","0","0","0","0","0","1","0","0","0","0","0","0","0","0","ELECTROMECANICO","6058251","40952","230.7168",,"2021-07-23T00:00:00.000","2","0","0","0","0","0",,"0","0","0","0","2103","CODENSA S.A. ESP","2021","7"
"62775129226925871627751292","USUARIO SIN CEDULA CATASTRAL ASOCIADA POR PARTE DEL PRESTADOR","1","INICIAL","554300466814005482554300466","2021-07-06T00:00:00.000","2021-05-31T00:00:00.000","2021-06-30T00:00:00.000","2021-05-31T00:00:00.000","30","REGULADA","REAL","24",,"35","2","13760",,"0",,"0",,"0","2064","0","0","0",,"0",,"0","0","0","0","0","0","0","0","0","0","0","0","0","0","0","0","ELECTROMECANICO","1275323","11696","487.349",,"2021-07-06T00:00:00.000","8","0","0","0","0","0",,"0","0","0","0","2103","CODENSA S.A. ESP","2021","7"
"305503672974465219305503672","USUARIO SIN CEDULA CATASTRAL ASOCIADA POR PARTE DEL PRESTADOR","1","INICIAL","841543858286913884154385","2021-07-01T00:00:00.000","2021-05-27T00:00:00.000","2021-06-28T00:00:00.000","2021-05-27T00:00:00.000","32","REGULADA","REAL","91",,"126","2","52175",,"0",,"0",,"0","7826","0","0","0",,"0",,"0","0","0","0","0","0","0","0","0","0","0","0","0","0","0","0","ELECTRONICO","79643","44349","487.349",,"2021-07-01T00:00:00.000","3","0","0","0","0","0",,"0","0","0","0","2103","CODENSA S.A. ESP","2021","7"
"231177960133010307231177960","USUARIO SIN CEDULA CATASTRAL ASOCIADA POR PARTE DEL PRESTADOR","1","INICIAL","271958409211539342271958409","2021-07-19T00:00:00.000","2021-06-15T00:00:00.000","2021-07-14T00:00:00.000","2021-06-15T00:00:00.000","29","REGULADA","REAL","581",,"552","1","312394",,"0",,"0",,"0","0","0","0","0",,"0",,"0","0","0","0","0","0","0","9","18456","9228","9228","535","0","17","12","0","INTELIGENTE BIDIRECCIONAL","6024057","293938","537.6828",,"2021-07-19T00:00:00.000","41","0","0","0","0","0",,"0","2","0","0","2103","CODENSA S.A. ESP","2021","7"
"492881892857350716492881892","INFORMACION PREDIAL DE CADA CATASTRO","1","INICIAL","877734969147662097877734969","2021-07-02T00:00:00.000","2021-05-28T00:00:00.000","2021-06-29T00:00:00.000","2021-05-28T00:00:00.000","32","REGULADA","REAL","192",,"166","2","110084",,"0",,"0",,"0","11180","0","0","0",,"0",,"0","0","0","0","0","0","0","0","0","0","0","0","0","0","0","0","ELECTROMECANICO","6618010","98904","487.349",,"2021-07-02T00:00:00.000","300","0","0","0","0","0",,"0","0","0","0","2103","CODENSA S.A. ESP","2021","7"
"684783199736912562684783199","USUARIO SIN CEDULA CATASTRAL ASOCIADA POR PARTE DEL PRESTADOR","1","INICIAL","582643773663956265582643773","2021-07-01T00:00:00.000","2021-05-27T00:00:00.000","2021-06-28T00:00:00.000","2021-05-27T00:00:00.000","32","REGULADA","REAL","107",,"104","2","61349",,"0",,"0",,"0","30675","0","0","0",,"0",,"0","0","0","0","0","0","0","0","0","0","0","0","0","0","0","0","ELECTRONICO","964863","30674","286.6759",,"2021-07-01T00:00:00.000","3","0","0","0","0","0",,"0","0","0","0","2103","CODENSA S.A. ESP","2021","7"
"362692638176479506362692638","USUARIO SIN CEDULA CATASTRAL ASOCIADA POR PARTE DEL PRESTADOR","1","INICIAL","523306215153094398523306215","2021-07-27T00:00:00.000","2021-06-22T00:00:00.000","2021-07-22T00:00:00.000","2021-06-22T00:00:00.000","30","REGULADA","REAL","189",,"186","5","109014",,"0",,"0",,"0","0","0","0","0",,"0",,"21803","0","0","0","0","0","0","0","0","0","0","0","0","0","0","0","ELECTRONICO","11010989","130817","692.1503",,"2021-07-27T00:00:00.000","29","0","0","0","0","0",,"0","0","0","0","2103","CODENSA S.A. ESP","2021","7"
"809560423148117503809560423","INFORMACION PREDIAL DE CADA CATASTRO","1","INICIAL","145874830687505925145874830","2021-07-13T00:00:00.000","2021-06-08T00:00:00.000","2021-07-08T00:00:00.000","2021-06-08T00:00:00.000","30","REGULADA","REAL","83",,"90","2","47874",,"0",,"0",,"0","7181","0","0","0",,"0",,"0","0","0","0","0","0","0","0","0","0","0","0","0","0","0","0","ELECTRONICO","883446","40693","490.2731",,"2021-07-13T00:00:00.000","3","0","0","0","0","0",,"0","0","0","0","2103","CODENSA S.A. ESP","2021","7"
"4262001559623997242620015","USUARIO SIN CEDULA CATASTRAL ASOCIADA POR PARTE DEL PRESTADOR","1","INICIAL","117503420972653642117503420","2021-07-21T00:00:00.000","2021-06-16T00:00:00.000","2021-07-15T00:00:00.000","2021-06-16T00:00:00.000","29","REGULADA","REAL","73",,"65","5","39251",,"0",,"0",,"0","0","0","0","0",,"0",,"7850","0","0","0","0","0","0","0","0","0","0","0","0","0","0","0","ELECTRONICO","46596","47101","645.2194",,"2021-07-21T00:00:00.000","9","0","0","0","0","0",,"0","0","0","0","2103","CODENSA S.A. ESP","2021","7"
"755108059112857145755108059","USUARIO SIN CEDULA CATASTRAL ASOCIADA POR PARTE DEL PRESTADOR","1","INICIAL","245815224472026037245815224","2021-07-07T00:00:00.000","2021-06-01T00:00:00.000","2021-07-01T00:00:00.000","2021-06-01T00:00:00.000","30","REGULADA","REAL","132",,"147","2","75682",,"0",,"0",,"0","37268","0","0","0",,"0",,"0","0","0","0","0","0","0","0","0","0","0","0","0","0","0","0","ELECTRONICO","1452","38414","286.6759",,"2021-07-07T00:00:00.000","5","0","0","0","0","0",,"0","0","0","0","2103","CODENSA S.A. ESP","2021","7"
"156367061813770257156367061","USUARIO SIN CEDULA CATASTRAL ASOCIADA POR PARTE DEL PRESTADOR","1","INICIAL","519503271936488145519503271","2021-07-08T00:00:00.000","2021-06-02T00:00:00.000","2021-07-02T00:00:00.000","2021-06-02T00:00:00.000","30","REGULADA","REAL","1012",,"821","5","583713",,"0",,"0",,"0","0","0","0","0",,"0",,"116743","0","0","0","0","0","0","0","8257","0","0","0","0","0","0","0","ELECTROMECANICO","4725991","692199","692.1503",,"2021-07-08T00:00:00.000","29","0","0","0","0","0",,"0","0","0","0","2103","CODENSA S.A. ESP","2021","7"
"305230519713590912305230519","INFORMACION PREDIAL DE CADA CATASTRO","1","INICIAL","51986034967685149519860349","2021-07-06T00:00:00.000","2021-05-31T00:00:00.000","2021-06-30T00:00:00.000","2021-05-31T00:00:00.000","30","REGULADA","REAL","170",,"137","2","90861",,"0",,"0",,"0","6948","0","0","0",,"0",,"0","0","0","0","0","0","0","0","0","0","0","0","0","0","0","0","ELECTRONICO","6457","83913","454.3045",,"2021-07-06T00:00:00.000","5","29","0","0","0","0",,"0","0","0","0","2103","CODENSA S.A. ESP","2021","7"
"215474381475450170215474381","INFORMACION PREDIAL DE CADA CATASTRO","1","INICIAL","230091044559967844230091044","2021-07-07T00:00:00.000","2021-06-01T00:00:00.000","2021-07-01T00:00:00.000","2021-06-01T00:00:00.000","30","REGULADA","REAL","150",,"157","5","86003",,"0",,"0",,"0","0","0","0","0",,"0",,"17201","0","0","0","0","0","0","0","0","0","0","0","0","0","0","0","ELECTRONICO","61820","103204","688.0222",,"2021-07-07T00:00:00.000","3","26","0","3916.94","0","0",,"0","0","0","0","2103","CODENSA S.A. ESP","2021","7"
"614280152858970513614280152","INFORMACION PREDIAL DE CADA CATASTRO","1","INICIAL","542813181664342604542813181","2021-07-22T00:00:00.000","2021-06-17T00:00:00.000","2021-07-16T00:00:00.000","2021-06-17T00:00:00.000","29","REGULADA","REAL","113",,"120","2","65177",,"0",,"0",,"0","9777","0","0","0",,"0",,"0","0","0","0","0","0","0","0","0","0","0","0","0","0","0","0","ELECTROMECANICO","27081440","55400","490.2731",,"2021-07-22T00:00:00.000","12","0","0","0","0","0",,"0","0","0","0","2103","CODENSA S.A. ESP","2021","7"
"936950847452420010936950847","INFORMACION PREDIAL DE CADA CATASTRO","1","INICIAL","494474701603224339494474701","2021-07-22T00:00:00.000","2021-06-17T00:00:00.000","2021-07-16T00:00:00.000","2021-06-17T00:00:00.000","29","REGULADA","REAL","195",,"195","2","112474",,"0",,"0",,"0","11247","0","0","0",,"0",,"0","0","0","0","0","0","0","0","0","0","0","0","0","0","0","0","INTELIGENTE BIDIRECCIONAL","20171","101227","490.2731",,"2021-07-22T00:00:00.000","2","0","0","0","0","0",,"0","0","0","0","2103","CODENSA S.A. ESP","2021","7"
"490972639792773188490972639","USUARIO SIN CEDULA CATASTRAL ASOCIADA POR PARTE DEL PRESTADOR","1","INICIAL","1829322992562076182932299","2021-07-15T00:00:00.000","2021-06-10T00:00:00.000","2021-07-12T00:00:00.000","2021-06-10T00:00:00.000","32","REGULADA","REAL","153",,"145","5","88249",,"0",,"0",,"0","0","0","0","0",,"0",,"0","0","0","0","0","0","0","0","0","0","0","0","0","0","0","0","ELECTROMECANICO","6041665","88249","576.7919",,"2021-07-15T00:00:00.000","2","0","0","0","0","0",,"0","0","0","0","2103","CODENSA S.A. ESP","2021","7"
"902170534728705867902170534","INFORMACION PREDIAL DE CADA CATASTRO","1","INICIAL","469021984898862474469021984","2021-07-01T00:00:00.000","2021-05-26T00:00:00.000","2021-06-25T00:00:00.000","2021-05-26T00:00:00.000","30","REGULADA","REAL","213",,"218","5","122124",,"0",,"0",,"0","0","0","0","0",,"0",,"0","0","0","0","0","0","0","0","0","0","0","0","0","0","0","0","ELECTROMECANICO","72036219","122124","573.3518",,"2021-07-01T00:00:00.000","29","0","0","0","0","0",,"0","0","0","0","2103","CODENSA S.A. ESP","2021","7"
"390973008917808414390973008","USUARIO SIN CEDULA CATASTRAL ASOCIADA POR PARTE DEL PRESTADOR","1","INICIAL","99688111230783239968811","2021-07-06T00:00:00.000","2021-05-31T00:00:00.000","2021-06-30T00:00:00.000","2021-05-31T00:00:00.000","30","REGULADA","REAL","133",,"133","2","76256",,"0",,"0",,"0","44721","0","0","0",,"0",,"0","0","0","0","0","0","0","0","0","0","0","0","0","0","0","0","ELECTRONICO","894854","31535","229.3407",,"2021-07-06T00:00:00.000","2","0","0","0","0","0",,"0","0","0","0","2103","CODENSA S.A. ESP","2021","7"
"132221337148542900132221337","INFORMACION PREDIAL DE CADA CATASTRO","1","INICIAL","44138371987528355441383719","2021-07-01T00:00:00.000","2021-05-27T00:00:00.000","2021-06-28T00:00:00.000","2021-05-27T00:00:00.000","32","REGULADA","REAL","101",,"91","2","57909",,"0",,"0",,"0","8686","0","0","0",,"0",,"0","0","0","0","0","0","0","0","0","0","0","0","0","0","0","0","ELECTROMECANICO","4754601","49223","487.349",,"2021-07-01T00:00:00.000","12","0","0","0","0","0",,"0","0","0","0","2103","CODENSA S.A. ESP","2021","7"
"500384600559903323500384600","USUARIO SIN CEDULA CATASTRAL ASOCIADA POR PARTE DEL PRESTADOR","1","INICIAL","58933353994302951589333539","2021-07-21T00:00:00.000","2021-06-16T00:00:00.000","2021-07-15T00:00:00.000","2021-06-16T00:00:00.000","29","REGULADA","REAL","245",,"246","2","141314",,"0",,"0",,"0","37491","0","0","0",,"0",,"0","0","0","0","0","0","0","0","0","0","0","0","0","0","0","0","ELECTROMECANICO","18905673","103823","288.396",,"2021-07-21T00:00:00.000","2","0","0","0","0","0",,"0","0","0","0","2103","CODENSA S.A. ESP","2021","7"
"575946452140105337575946452","INFORMACION PREDIAL DE CADA CATASTRO","1","INICIAL","696322228985112870696322228","2021-07-09T00:00:00.000","2021-06-03T00:00:00.000","2021-07-06T00:00:00.000","2021-06-03T00:00:00.000","33","REGULADA","REAL","220",,"183","2","126894",,"0",,"0",,"0","11247","0","0","0",,"0",,"0","0","0","0","0","0","0","5","0","0","0","0","0","0","0","0","ELECTRONICO","40513016","115647","490.2731",,"2021-07-09T00:00:00.000","113","0","0","0","0","0",,"0","0","0","0","2103","CODENSA S.A. ESP","2021","7"
"10576646091924577105766460","INFORMACION PREDIAL DE CADA CATASTRO","1","INICIAL","170148389378895232170148389","2021-07-27T00:00:00.000","2021-06-23T00:00:00.000","2021-07-23T00:00:00.000","2021-06-23T00:00:00.000","30","REGULADA","REAL","103",,"141","2","59410",,"0",,"0",,"0","35646","0","0","0",,"0",,"0","0","0","0","0","0","0","0","0","0","0","0","0","0","0","0","ELECTROMECANICO","3593518","23764","230.7168",,"2021-07-27T00:00:00.000","2","0","0","0","0","0",,"0","0","0","0","2103","CODENSA S.A. ESP","2021","7"
"2618554367377343326185543","INFORMACION PREDIAL DE CADA CATASTRO","1","INICIAL","377961713191982937796171","2021-07-23T00:00:00.000","2021-06-18T00:00:00.000","2021-07-19T00:00:00.000","2021-06-18T00:00:00.000","31","REGULADA","REAL","2081",,"2108","5","1200304",,"0",,"0",,"0","0","0","0","0",,"0",,"240061","0","0","0","176","0","0","0","0","0","0","0","0","0","0","0","ELECTRONICO","18308165","1440541","692.1503",,"2021-07-23T00:00:00.000","7.2","0","0","4025.81","0","0",,"0","0","0","0","2103","CODENSA S.A. ESP","2021","7"
"795355648916067102795355648","INFORMACION PREDIAL DE CADA CATASTRO","1","INICIAL","217586752708241180217586752","2021-07-07T00:00:00.000","2021-06-01T00:00:00.000","2021-07-01T00:00:00.000","2021-06-01T00:00:00.000","30","REGULADA","REAL","77",,"77","2","41155",,"0",,"0",,"0","6173","0","0","0",,"0",,"0","0","0","0","0","0","0","0","0","0","0","0","0","0","0","0","ELECTROMECANICO","56275869","34982","454.3045",,"2021-07-07T00:00:00.000","9","0","0","0","0","0",,"0","0","0","0","2103","CODENSA S.A. ESP","2021","7"
"374027059453062780374027059","USUARIO SIN CEDULA CATASTRAL ASOCIADA POR PARTE DEL PRESTADOR","1","INICIAL","108657234984646481108657234","2021-07-16T00:00:00.000","2021-06-11T00:00:00.000","2021-07-13T00:00:00.000","2021-06-11T00:00:00.000","32","REGULADA","REAL","73",,"92","2","42106",,"0",,"0",,"0","6316","0","0","0",,"0",,"0","0","0","0","0","0","0","5","1282","0","0","0","0","0","0","0","ELECTRONICO","44137","38131","490.2731",,"2021-07-16T00:00:00.000","3","54","18","0","3623","0",,"0","0","0","0","2103","CODENSA S.A. ESP","2021","7"
"127068925284279836127068925","USUARIO SIN CEDULA CATASTRAL ASOCIADA POR PARTE DEL PRESTADOR","1","INICIAL","9127915487467407191279154","2021-07-22T00:00:00.000","2021-06-17T00:00:00.000","2021-07-16T00:00:00.000","2021-06-17T00:00:00.000","29","REGULADA","REAL","35",,"49","2","20188",,"0",,"0",,"0","3028","0","0","0",,"0",,"0","0","0","0","0","0","0","0","0","0","0","0","0","0","0","0","ELECTRONICO","119649","17160","490.2731",,"2021-07-22T00:00:00.000","3","0","0","0","0","0",,"0","0","0","0","2103","CODENSA S.A. ESP","2021","7"
"821803698965583992821803698","USUARIO SIN CEDULA CATASTRAL ASOCIADA POR PARTE DEL PRESTADOR","1","INICIAL","515710535923848555515710535","2021-07-21T00:00:00.000","2021-06-16T00:00:00.000","2021-07-15T00:00:00.000","2021-06-16T00:00:00.000","29","REGULADA","REAL","165",,"167","2","95171",,"0",,"0",,"0","11247","0","0","0",,"0",,"0","0","0","0","0","0","0","0","0","0","0","0","0","0","0","0","ELECTRONICO","7087790676","83924","490.2731",,"2021-07-21T00:00:00.000","1","0","0","0","0","0",,"0","0","0","0","2103","CODENSA S.A. ESP","2021","7"
"278988759223149109278988759","USUARIO SIN CEDULA CATASTRAL ASOCIADA POR PARTE DEL PRESTADOR","1","INICIAL","674792473221252867479247","2021-07-09T00:00:00.000","2021-06-03T00:00:00.000","2021-07-06T00:00:00.000","2021-06-03T00:00:00.000","33","REGULADA","REAL","178",,"148","2","102669",,"0",,"0",,"0","37491","0","0","0",,"0",,"0","0","0","0","0","0","0","0","0","0","0","0","0","0","0","0","ELECTRONICO","901867","65178","288.396",,"2021-07-09T00:00:00.000","4","0","0","0","0","0",,"0","0","0","0","2103","CODENSA S.A. ESP","2021","7"
"537040422886615262537040422","USUARIO SIN CEDULA CATASTRAL ASOCIADA POR PARTE DEL PRESTADOR","1","INICIAL","185813155656109172185813155","2021-07-01T00:00:00.000","2021-05-26T00:00:00.000","2021-06-25T00:00:00.000","2021-05-26T00:00:00.000","30","REGULADA","REAL","82",,"27","2","43827",,"0",,"0",,"0","6574","0","0","0",,"0",,"0","0","0","0","0","0","0","0","0","0","0","0","0","0","0","0","ELECTRONICO","140351","37253","454.3045",,"2021-07-01T00:00:00.000","225","0","0","0","0","0",,"0","0","0","0","2103","CODENSA S.A. ESP","2021","7"
"2437669294537079724376692","INFORMACION PREDIAL DE CADA CATASTRO","1","INICIAL","82301462295517827823014622","2021-07-06T00:00:00.000","2021-05-31T00:00:00.000","2021-06-30T00:00:00.000","2021-05-31T00:00:00.000","30","REGULADA","REAL","930",,"986","2","533217",,"0",,"0",,"0","11180","0","0","0",,"0",,"0","0","0","0","0","0","0","0","9491","0","0","0","0","0","0","0","ELECTRONICO","604071","512546","487.349",,"2021-07-06T00:00:00.000","2","0","0","0","0","0",,"0","0","0","0","2103","CODENSA S.A. ESP","2021","7"
"229019253329783427229019253","INFORMACION PREDIAL DE CADA CATASTRO","1","INICIAL","389895716986450028389895716","2021-07-06T00:00:00.000","2021-05-31T00:00:00.000","2021-06-30T00:00:00.000","2021-05-31T00:00:00.000","30","REGULADA","REAL","45",,"61","2","25801",,"0",,"0",,"0","12901","0","0","0",,"0",,"0","0","0","0","0","0","0","0","0","0","0","0","0","0","0","0","ELECTRONICO","8874","12900","286.6759",,"2021-07-06T00:00:00.000","2","0","0","0","0","0",,"0","0","0","0","2103","CODENSA S.A. ESP","2021","7"
"849779016349200098849779016","USUARIO SIN CEDULA CATASTRAL ASOCIADA POR PARTE DEL PRESTADOR","1","INICIAL","928760866165847420928760866","2021-07-08T00:00:00.000","2021-06-02T00:00:00.000","2021-07-02T00:00:00.000","2021-06-02T00:00:00.000","30","REGULADA","REAL","112",,"103","2","64601",,"0",,"0",,"0","9690","0","0","0",,"0",,"0","0","0","0","0","0","0","0","0","0","0","0","0","0","0","0","ELECTRONICO","135927","54911","490.2731",,"2021-07-08T00:00:00.000","3","0","0","0","0","0",,"0","0","0","0","2103","CODENSA S.A. ESP","2021","7"
"80389840960988592803898409","USUARIO SIN CEDULA CATASTRAL ASOCIADA POR PARTE DEL PRESTADOR","1","INICIAL","27261887190931792272618871","2021-07-02T00:00:00.000","2021-05-28T00:00:00.000","2021-06-29T00:00:00.000","2021-05-28T00:00:00.000","32","REGULADA","REAL","260",,"207","2","149071",,"0",,"0",,"0","11180","0","0","0",,"0",,"0","0","0","0","0","0","0","0","0","0","0","0","0","0","0","0","ELECTROMECANICO","4202918","137891","487.349",,"2021-07-02T00:00:00.000","14","0","0","0","0","0",,"0","0","0","0","2103","CODENSA S.A. ESP","2021","7"
"972296301859592237972296301","INFORMACION PREDIAL DE CADA CATASTRO","1","INICIAL","521085099265941500521085099","2021-07-01T00:00:00.000","2021-05-26T00:00:00.000","2021-06-25T00:00:00.000","2021-05-26T00:00:00.000","30","REGULADA","REAL","50",,"82","2","28668",,"0",,"0",,"0","4300","0","0","0",,"0",,"0","0","0","0","0","0","0","0","0","0","0","0","0","0","0","0","ELECTROMECANICO","4732194","24368","487.349",,"2021-07-01T00:00:00.000","12","0","0","0","0","0",,"0","0","0","0","2103","CODENSA S.A. ESP","2021","7"
"359373267487859141359373267","INFORMACION PREDIAL DE CADA CATASTRO","1","INICIAL","214549936310050084214549936","2021-07-01T00:00:00.000","2021-05-26T00:00:00.000","2021-06-25T00:00:00.000","2021-05-26T00:00:00.000","30","REGULADA","REAL","128",,"133","5","73389",,"0",,"0",,"0","0","0","0","0",,"0",,"14678","0","0","0","20","0","0","0","1525","0","0","0","0","0","0","0","ELECTRONICO","90984","86562","688.0222",,"2021-07-01T00:00:00.000","9","0","0","0","0","0",,"0","0","0","0","2103","CODENSA S.A. ESP","2021","7"
"650236058161675031650236058","USUARIO SIN CEDULA CATASTRAL ASOCIADA POR PARTE DEL PRESTADOR","1","INICIAL","401031648534918536401031648","2021-07-23T00:00:00.000","2021-06-18T00:00:00.000","2021-07-19T00:00:00.000","2021-06-18T00:00:00.000","31","REGULADA","REAL","249",,"262","2","143621",,"0",,"0",,"0","37491","0","0","0",,"0",,"0","0","0","0","0","0","0","0","0","0","0","0","0","0","0","0","ELECTROMECANICO","1041588","106130","288.396",,"2021-07-23T00:00:00.000","3","0","0","0","0","0",,"0","0","0","0","2103","CODENSA S.A. ESP","2021","7"
"324192379824032982324192379","USUARIO SIN CEDULA CATASTRAL ASOCIADA POR PARTE DEL PRESTADOR","1","INICIAL","57973730541393062579737305","2021-07-22T00:00:00.000","2021-06-17T00:00:00.000","2021-07-16T00:00:00.000","2021-06-17T00:00:00.000","29","REGULADA","REAL","371",,"389","2","213990",,"0",,"0",,"0","11247","0","0","0",,"0",,"0","0","0","0","0","0","0","0","0","0","0","0","0","60","0","0","ELECTROMECANICO","36174647","202743","490.2731",,"2021-07-22T00:00:00.000","7","0","0","0","0","0",,"0","0","0","0","2103","CODENSA S.A. ESP","2021","7"
"288214996515444221288214996","INFORMACION PREDIAL DE CADA CATASTRO","1","INICIAL","840350267813350840350","2021-07-28T00:00:00.000","2021-06-24T00:00:00.000","2021-07-26T00:00:00.000","2021-06-24T00:00:00.000","32","REGULADA","REAL","90",,"63","2","48391",,"0",,"0",,"0","7259","0","0","0",,"0",,"0","0","0","0","0","0","0","0","0","0","0","0","0","0","0","0","ELECTRONICO","922282","41132","457.0304",,"2021-07-28T00:00:00.000","4","0","0","0","0","0",,"0","0","0","0","2103","CODENSA S.A. ESP","2021","7"
"798195471752875790798195471","USUARIO SIN CEDULA CATASTRAL ASOCIADA POR PARTE DEL PRESTADOR","1","INICIAL","718782328576311719718782328","2021-07-01T00:00:00.000","2021-05-27T00:00:00.000","2021-06-28T00:00:00.000","2021-05-27T00:00:00.000","32","REGULADA","REAL","45",,"42","2","25801",,"0",,"0",,"0","15481","0","0","0",,"0",,"0","0","0","0","0","0","0","0","0","0","0","0","0","0","0","0","ELECTRONICO","158020","10320","229.3407",,"2021-07-01T00:00:00.000","3","0","0","0","0","0",,"0","0","0","0","2103","CODENSA S.A. ESP","2021","7"
"155110626912761229155110626","USUARIO SIN CEDULA CATASTRAL ASOCIADA POR PARTE DEL PRESTADOR","1","INICIAL","814697326992873744814697326","2021-07-01T00:00:00.000","2021-05-27T00:00:00.000","2021-06-28T00:00:00.000","2021-05-27T00:00:00.000","32","REGULADA","REAL","138",,"117","2","79123",,"0",,"0",,"0","44721","0","0","0",,"0",,"0","0","0","0","0","0","0","0","0","0","0","0","0","0","0","0","ELECTRONICO","236984","34402","229.3407",,"2021-07-01T00:00:00.000","3","0","0","0","0","0",,"0","0","0","0","2103","CODENSA S.A. ESP","2021","7"
"456500055242522861456500055","INFORMACION PREDIAL DE CADA CATASTRO","1","INICIAL","715355040741663091715355040","2021-07-07T00:00:00.000","2021-06-01T00:00:00.000","2021-07-01T00:00:00.000","2021-06-01T00:00:00.000","30","REGULADA","REAL","383",,"270","2","219594",,"0",,"0",,"0","11180","0","0","0",,"0",,"0","0","0","0","0","0","0","0","0","0","0","0","0","0","0","0","ELECTROMECANICO","3869670","208414","487.349",,"2021-07-07T00:00:00.000","17","0","0","0","0","0",,"0","0","0","0","2103","CODENSA S.A. ESP","2021","7"
"9161734418796107591617344","USUARIO SIN CEDULA CATASTRAL ASOCIADA POR PARTE DEL PRESTADOR","1","INICIAL","536188684341564200536188684","2021-07-21T00:00:00.000","2021-06-16T00:00:00.000","2021-07-15T00:00:00.000","2021-06-16T00:00:00.000","29","REGULADA","REAL","46",,"53","2","26532",,"0",,"0",,"0","13266","0","0","0",,"0",,"0","0","0","0","0","0","0","0","0","0","0","0","0","0","0","0","ELECTRONICO","115649","13266","288.396",,"2021-07-21T00:00:00.000","3","0","0","0","0","0",,"0","0","0","0","2103","CODENSA S.A. ESP","2021","7"
"824366300218187483824366300","USUARIO SIN CEDULA CATASTRAL ASOCIADA POR PARTE DEL PRESTADOR","1","INICIAL","408252247775604538408252247","2021-07-19T00:00:00.000","2021-06-17T00:00:00.000","2021-07-16T00:00:00.000","2021-06-17T00:00:00.000","29","REGULADA","REAL","191",,"197","2","110167",,"0",,"0",,"0","37491","0","0","0",,"0",,"0","0","0","0","0","0","0","0","1674","0","0","0","0","0","0","0","ELECTRONICO","12054433","71002","288.396",,"2021-07-19T00:00:00.000","3","0","0","0","0","0",,"0","0","0","0","2103","CODENSA S.A. ESP","2021","7"
"63943920977444468639439209","INFORMACION PREDIAL DE CADA CATASTRO","1","INICIAL","21834988751121202183498","2021-07-08T00:00:00.000","2021-06-02T00:00:00.000","2021-07-02T00:00:00.000","2021-06-02T00:00:00.000","30","REGULADA","REAL","27",,"52","2","15573",,"0",,"0",,"0","2336","0","0","0",,"0",,"0","0","0","0","0","0","0","0","0","0","0","0","0","0","0","0","ELECTRONICO","1038864","13237","490.2731",,"2021-07-08T00:00:00.000","6","0","0","0","0","0",,"0","0","0","0","2103","CODENSA S.A. ESP","2021","7"
"852183343806705386852183343","INFORMACION PREDIAL DE CADA CATASTRO","1","INICIAL","8072541598456360980725415","2021-07-28T00:00:00.000","2021-06-24T00:00:00.000","2021-07-26T00:00:00.000","2021-06-24T00:00:00.000","32","REGULADA","REAL","91",,"138","2","52488",,"0",,"0",,"0","7873","0","0","0",,"0",,"0","0","0","0","0","0","0","0","0","0","0","0","0","2","0","0","ELECTROMECANICO","4712674","44615","490.2731",,"2021-07-28T00:00:00.000","10","0","0","0","0","0",,"0","0","0","0","2103","CODENSA S.A. ESP","2021","7"
"389186356197333368389186356","USUARIO SIN CEDULA CATASTRAL ASOCIADA POR PARTE DEL PRESTADOR","1","INICIAL","980049161748956677980049161","2021-07-28T00:00:00.000","2021-06-24T00:00:00.000","2021-07-26T00:00:00.000","2021-06-24T00:00:00.000","32","REGULADA","REAL","48",,"46","5","27686",,"0",,"0",,"0","0","0","0","0",,"0",,"5537","0","0","0","17","0","0","0","0","0","0","0","0","0","0","0","BIDIRECCIONAL","6017085","33240","692.1503",,"2021-07-28T00:00:00.000","29","0","0","0","0","0",,"0","0","0","0","2103","CODENSA S.A. ESP","2021","7"
"17463897711109127174638977","USUARIO SIN CEDULA CATASTRAL ASOCIADA POR PARTE DEL PRESTADOR","1","INICIAL","7028475623254438370284756","2021-07-02T00:00:00.000","2021-06-01T00:00:00.000","2021-07-01T00:00:00.000","2021-06-01T00:00:00.000","30","REGULADA","REAL","323",,"371","2","185193",,"0",,"0",,"0","37268","0","0","0",,"0",,"0","0","0","0","0","0","0","0","3572","0","0","0","0","0","0","0","ELECTROMECANICO","19633646","144353","286.6759",,"2021-07-02T00:00:00.000","10","0","0","0","0","0",,"0","0","0","0","2103","CODENSA S.A. ESP","2021","7"
"178286758705879676178286758","INFORMACION PREDIAL DE CADA CATASTRO","1","INICIAL","649643712614792450649643712","2021-07-27T00:00:00.000","2021-06-22T00:00:00.000","2021-07-22T00:00:00.000","2021-06-22T00:00:00.000","30","REGULADA","REAL","191",,"69","2","110167",,"0",,"0",,"0","37491","0","0","0",,"0",,"0","0","0","0","0","0","0","0","0","0","0","0","0","0","0","0","ELECTROMECANICO","1096706","72676","288.396",,"2021-07-27T00:00:00.000","2","0","0","0","0","0",,"0","0","0","0","2103","CODENSA S.A. ESP","2021","7"
"584035685102972253584035685","USUARIO SIN CEDULA CATASTRAL ASOCIADA POR PARTE DEL PRESTADOR","1","INICIAL","478805770224713202478805770","2021-07-08T00:00:00.000","2021-06-02T00:00:00.000","2021-07-02T00:00:00.000","2021-06-02T00:00:00.000","30","REGULADA","REAL","865",,"823","5","498925",,"0",,"0",,"0","0","0","0","0",,"0",,"0","0","0","0","0","0","0","0","12626","0","0","0","0","0","0","0","ELECTROMECANICO","21506871","486299","576.7919",,"2021-07-08T00:00:00.000","162","0","0","0","0","0",,"0","0","0","0","2103","CODENSA S.A. ESP","2021","7"
"578748972365355051578748972","INFORMACION PREDIAL DE CADA CATASTRO","1","INICIAL","927476697228525421927476697","2021-07-16T00:00:00.000","2021-06-11T00:00:00.000","2021-07-13T00:00:00.000","2021-06-11T00:00:00.000","32","REGULADA","REAL","264",,"252","5","152273",,"0",,"0",,"0","0","0","0","0",,"0",,"0","0","0","0","0","0","0","0","0","0","0","0","0","0","0","0","ELECTROMECANICO","21438933","152273","576.7919",,"2021-07-16T00:00:00.000","11","0","0","0","0","0",,"0","0","0","0","2103","CODENSA S.A. ESP","2021","7"
"738289980467172816738289980","INFORMACION PREDIAL DE CADA CATASTRO","1","INICIAL","45339065260786892453390652","2021-07-27T00:00:00.000","2021-06-22T00:00:00.000","2021-07-22T00:00:00.000","2021-06-22T00:00:00.000","30","REGULADA","REAL","1",,"0","2","538",,"0",,"0",,"0","81","0","0","0",,"0",,"0","0","0","0","0","0","0","0","0","0","0","0","0","0","0","0","INTELIGENTE BIDIRECCIONAL","6026433","457","457.0304",,"2021-07-27T00:00:00.000","9","0","0","0","0","0",,"0","0","0","0","2103","CODENSA S.A. ESP","2021","7"
"310148142711326875310148142","USUARIO SIN CEDULA CATASTRAL ASOCIADA POR PARTE DEL PRESTADOR","1","INICIAL","90741412704626319074141","2021-07-16T00:00:00.000","2021-06-11T00:00:00.000","2021-07-13T00:00:00.000","2021-06-11T00:00:00.000","32","REGULADA","REAL","56",,"41","2","30110",,"0",,"0",,"0","18066","0","0","0",,"0",,"0","0","0","0","0","0","0","0","0","0","0","0","0","0","0","0","ELECTRONICO","8882711","12044","215.0732",,"2021-07-16T00:00:00.000","3","0","0","0","0","0",,"0","0","0","0","2103","CODENSA S.A. ESP","2021","7"
"226484655910429725226484655","USUARIO SIN CEDULA CATASTRAL ASOCIADA POR PARTE DEL PRESTADOR","1","INICIAL","683657056436049520683657056","2021-07-01T00:00:00.000","2021-05-26T00:00:00.000","2021-06-25T00:00:00.000","2021-05-26T00:00:00.000","30","REGULADA","REAL","141",,"141","5","80843",,"0",,"0",,"0","0","0","0","0",,"0",,"0","0","0","0","0","0","0","0","0","0","0","0","0","0","0","0","ELECTRONICO","63056","80843","573.3518",,"2021-07-01T00:00:00.000","3","0","0","0","0","0",,"0","0","0","0","2103","CODENSA S.A. ESP","2021","7"
"798847463251239438798847463","USUARIO SIN CEDULA CATASTRAL ASOCIADA POR PARTE DEL PRESTADOR","1","INICIAL","7975728539521778479757285","2021-07-12T00:00:00.000","2021-06-04T00:00:00.000","2021-07-07T00:00:00.000","2021-06-04T00:00:00.000","33","REGULADA","REAL","231",,"187","2","124205",,"0",,"0",,"0","34949","0","0","0",,"0",,"0","0","0","0","0","0","0","0","0","0","0","0","0","22","0","0","INTELIGENTE BIDIRECCIONAL","16919","89256","268.8415",,"2021-07-12T00:00:00.000","3","0","0","0","0","0",,"0","0","0","0","2103","CODENSA S.A. ESP","2021","7"
"5429417365429896554294173","USUARIO SIN CEDULA CATASTRAL ASOCIADA POR PARTE DEL PRESTADOR","1","INICIAL","179970750863032706179970750","2021-07-01T00:00:00.000","2021-05-27T00:00:00.000","2021-06-28T00:00:00.000","2021-05-27T00:00:00.000","32","REGULADA","REAL","86",,"69","2","49308",,"0",,"0",,"0","24654","0","0","0",,"0",,"0","0","0","0","0","0","0","0","0","0","0","0","0","0","0","0","ELECTRONICO","262991","24654","286.6759",,"2021-07-01T00:00:00.000","2","0","0","0","0","0",,"0","0","0","0","2103","CODENSA S.A. ESP","2021","7"
"161139153376623228161139153","USUARIO SIN CEDULA CATASTRAL ASOCIADA POR PARTE DEL PRESTADOR","1","INICIAL","597039145267259079597039145","2021-07-12T00:00:00.000","2021-06-04T00:00:00.000","2021-07-07T00:00:00.000","2021-06-04T00:00:00.000","33","REGULADA","REAL","67",,"51","2","36025",,"0",,"0",,"0","18013","0","0","0",,"0",,"0","0","0","0","0","0","0","0","0","0","0","0","0","0","0","0","ELECTROMECANICO","72020185","18012","268.8415",,"2021-07-12T00:00:00.000","2","0","0","0","0","0",,"0","0","0","0","2103","CODENSA S.A. ESP","2021","7"
"6595470991653704065954709","INFORMACION PREDIAL DE CADA CATASTRO","1","INICIAL","931282737195332375931282737","2021-07-28T00:00:00.000","2021-06-24T00:00:00.000","2021-07-26T00:00:00.000","2021-06-24T00:00:00.000","32","REGULADA","REAL","42",,"63","2","24225",,"0",,"0",,"0","12113","0","0","0",,"0",,"0","0","21","47","0","14334","0","0","0","0","0","0","0","0","0","0","ELECTRONICO","25578084","12159","288.396",,"2021-07-28T00:00:00.000","7.2","0","0","0","0","0",,"0","0","0","0","2103","CODENSA S.A. ESP","2021","7"
"785328109936522001785328109","INFORMACION PREDIAL DE CADA CATASTRO","1","INICIAL","279820273289321767279820273","2021-07-13T00:00:00.000","2021-06-08T00:00:00.000","2021-07-08T00:00:00.000","2021-06-08T00:00:00.000","30","REGULADA","REAL","0",,"0","5","0",,"0",,"0",,"0","0","0","0","0",,"0",,"0","0","0","0","0","0","0","1","0","0","0","0","0","0","0","0","ELECTRONICO","942963","0","576.7919",,"2021-07-13T00:00:00.000","3","0","0","0","0","0",,"0","0","0","0","2103","CODENSA S.A. ESP","2021","7"
"349319846247687884349319846","USUARIO SIN CEDULA CATASTRAL ASOCIADA POR PARTE DEL PRESTADOR","1","INICIAL","143916840137945414143916840","2021-07-14T00:00:00.000","2021-06-09T00:00:00.000","2021-07-09T00:00:00.000","2021-06-09T00:00:00.000","30","REGULADA","REAL","15",,"47","2","8065",,"0",,"0",,"0","4033","0","0","0",,"0",,"0","0","0","0","0","0","0","0","0","0","0","0","0","0","0","0","ELECTRONICO","67284","4032","268.8415",,"2021-07-14T00:00:00.000","3","4","0","0","0","0",,"0","0","0","0","2103","CODENSA S.A. ESP","2021","7"
"836516771498516561836516771","USUARIO SIN CEDULA CATASTRAL ASOCIADA POR PARTE DEL PRESTADOR","1","INICIAL","4180704864029725741807048","2021-07-28T00:00:00.000","2021-06-24T00:00:00.000","2021-07-26T00:00:00.000","2021-06-24T00:00:00.000","32","REGULADA","REAL","95",,"85","2","54795",,"0",,"0",,"0","8219","0","0","0",,"0",,"0","0","0","0","0","0","0","0","0","0","0","0","0","0","0","0","ELECTROMECANICO","56265001","46576","490.2731",,"2021-07-28T00:00:00.000","14","0","0","0","0","0",,"0","0","0","0","2103","CODENSA S.A. ESP","2021","7"
"704231813120939723704231813","USUARIO SIN CEDULA CATASTRAL ASOCIADA POR PARTE DEL PRESTADOR","1","INICIAL","673795266639320856673795266","2021-07-02T00:00:00.000","2021-05-28T00:00:00.000","2021-06-29T00:00:00.000","2021-05-28T00:00:00.000","32","REGULADA","REAL","93",,"93","2","53322",,"0",,"0",,"0","31993","0","0","0",,"0",,"0","0","0","0","0","0","0","0","0","0","0","0","0","0","0","0","ELECTRONICO","298653","21329","229.3407",,"2021-07-02T00:00:00.000","3","0","0","0","0","0",,"0","0","0","0","2103","CODENSA S.A. ESP","2021","7"
"146833987139405941146833987","INFORMACION PREDIAL DE CADA CATASTRO","1","INICIAL","658724376784958182658724376","2021-07-01T00:00:00.000","2021-05-26T00:00:00.000","2021-06-25T00:00:00.000","2021-05-26T00:00:00.000","30","REGULADA","REAL","267",,"226","2","153085",,"0",,"0",,"0","11180","0","0","0",,"0",,"0","0","0","0","0","0","0","0","0","0","0","0","0","11","0","0","ELECTROMECANICO","4708143","141905","487.349",,"2021-07-01T00:00:00.000","10","0","0","0","0","0",,"0","0","0","0","2103","CODENSA S.A. ESP","2021","7"
"580869081284938439580869081","INFORMACION PREDIAL DE CADA CATASTRO","1","INICIAL","719732741697427046719732741","2021-07-01T00:00:00.000","2021-05-27T00:00:00.000","2021-06-28T00:00:00.000","2021-05-27T00:00:00.000","32","REGULADA","REAL","74",,"66","2","42428",,"0",,"0",,"0","6364","0","0","0",,"0",,"0","0","0","0","0","0","0","0","1328","0","0","0","0","0","0","0","ELECTROMECANICO","42367","34736","487.349",,"2021-07-01T00:00:00.000","2","0","0","0","0","0",,"0","0","0","0","2103","CODENSA S.A. ESP","2021","7"
"314983925515392790314983925","USUARIO SIN CEDULA CATASTRAL ASOCIADA POR PARTE DEL PRESTADOR","1","INICIAL","269016376867932665269016376","2021-07-02T00:00:00.000","2021-05-28T00:00:00.000","2021-06-29T00:00:00.000","2021-05-28T00:00:00.000","32","REGULADA","REAL","271",,"183","2","155378",,"0",,"0",,"0","37268","0","0","0",,"0",,"0","0","0","0","0","0","0","0","0","0","0","0","0","0","0","0","ELECTRONICO","306512","118110","286.6759",,"2021-07-02T00:00:00.000","2","0","0","0","0","0",,"0","0","0","0","2103","CODENSA S.A. ESP","2021","7"
"472203113684285539472203113","USUARIO SIN CEDULA CATASTRAL ASOCIADA POR PARTE DEL PRESTADOR","1","INICIAL","159685910585917349159685910","2021-07-14T00:00:00.000","2021-06-09T00:00:00.000","2021-07-09T00:00:00.000","2021-06-09T00:00:00.000","30","REGULADA","REAL","79",,"79","2","45567",,"0",,"0",,"0","27340","0","0","0",,"0",,"0","0","0","0","0","0","0","0","0","0","0","0","0","0","0","0","ELECTRONICO","210782","18227","230.7168",,"2021-07-14T00:00:00.000","3","0","0","0","0","0",,"0","0","0","0","2103","CODENSA S.A. ESP","2021","7"
"528382989968032802528382989","INFORMACION PREDIAL DE CADA CATASTRO","1","INICIAL","929366057145711980929366057","2021-07-13T00:00:00.000","2021-06-08T00:00:00.000","2021-07-08T00:00:00.000","2021-06-08T00:00:00.000","30","REGULADA","REAL","88",,"98","5","50758",,"0",,"0",,"0","0","0","0","0",,"0",,"0","0","0","0","0","0","0","0","0","0","0","0","0","0","0","0","ELECTROMECANICO","19240306","50758","576.7919",,"2021-07-13T00:00:00.000","6","0","0","0","0","0",,"0","0","0","0","2103","CODENSA S.A. ESP","2021","7"
"900684339377959918900684339","INFORMACION PREDIAL DE CADA CATASTRO","1","INICIAL","320077304595066688320077304","2021-07-19T00:00:00.000","2021-06-15T00:00:00.000","2021-07-14T00:00:00.000","2021-06-15T00:00:00.000","29","REGULADA","REAL","65",,"80","2","37491",,"0",,"0",,"0","18746","0","0","0",,"0",,"0","0","0","0","0","0","0","0","1389","0","0","0","0","0","0","0","ELECTROMECANICO","19137976","17356","288.396",,"2021-07-19T00:00:00.000","2","0","0","0","0","0",,"0","0","0","0","2103","CODENSA S.A. ESP","2021","7"
"298203727257162432298203727","USUARIO SIN CEDULA CATASTRAL ASOCIADA POR PARTE DEL PRESTADOR","1","INICIAL","3385718741301500533857187","2021-07-07T00:00:00.000","2021-06-01T00:00:00.000","2021-07-01T00:00:00.000","2021-06-01T00:00:00.000","30","REGULADA","REAL","141",,"138","2","80843",,"0",,"0",,"0","11180","0","0","0",,"0",,"0","0","0","0","0","0","0","0","0","0","0","0","0","0","0","0","ELECTROMECANICO","4506042","69663","487.349",,"2021-07-07T00:00:00.000","9","0","0","0","0","0",,"0","0","0","0","2103","CODENSA S.A. ESP","2021","7"
"56945432663974370569454326","USUARIO SIN CEDULA CATASTRAL ASOCIADA POR PARTE DEL PRESTADOR","1","INICIAL","242010538463424347242010538","2021-07-27T00:00:00.000","2021-06-23T00:00:00.000","2021-07-23T00:00:00.000","2021-06-23T00:00:00.000","30","REGULADA","REAL","97",,"100","5","52155",,"0",,"0",,"0","0","0","0","0",,"0",,"0","0","0","0","0","0","0","0","0","0","0","0","0","0","0","0","ELECTROMECANICO","19718121","52155","537.6828",,"2021-07-27T00:00:00.000","7","0","0","0","0","0",,"0","0","0","0","2103","CODENSA S.A. ESP","2021","7"
"177162020867031324177162020","INFORMACION PREDIAL DE CADA CATASTRO","1","INICIAL","6772858061541810667728580","2021-07-01T00:00:00.000","2021-05-27T00:00:00.000","2021-06-28T00:00:00.000","2021-05-27T00:00:00.000","32","REGULADA","REAL","209",,"219","5","119831",,"0",,"0",,"0","0","0","0","0",,"0",,"0","0","0","0","0","0","0","0","0","0","0","0","0","0","0","0","ELECTROMECANICO","21508724","119831","573.3518",,"2021-07-01T00:00:00.000","9","0","0","0","0","0",,"0","0","0","0","2103","CODENSA S.A. ESP","2021","7"
"929381037758397423929381037","USUARIO SIN CEDULA CATASTRAL ASOCIADA POR PARTE DEL PRESTADOR","1","INICIAL","695889405916119107695889405","2021-07-21T00:00:00.000","2021-06-16T00:00:00.000","2021-07-15T00:00:00.000","2021-06-16T00:00:00.000","29","REGULADA","REAL","86",,"127","5","49604",,"0",,"0",,"0","0","0","0","0",,"0",,"9921","0","0","0","6","0","0","0","0","0","0","0","0","0","0","0","ELECTROMECANICO","4542764","59531","692.1503",,"2021-07-21T00:00:00.000","29","0","0","0","0","0",,"0","0","0","0","2103","CODENSA S.A. ESP","2021","7"
"20467796918310589204677969","USUARIO SIN CEDULA CATASTRAL ASOCIADA POR PARTE DEL PRESTADOR","1","INICIAL","856621853960529481856621853","2021-07-28T00:00:00.000","2021-06-24T00:00:00.000","2021-07-26T00:00:00.000","2021-06-24T00:00:00.000","32","REGULADA","REAL","305",,"277","5","175922",,"0",,"0",,"0","0","0","0","0",,"0",,"0","0","0","0","0","0","0","2","3713","0","0","0","0","0","0","0","ELECTRONICO","52303","172209","576.7919",,"2021-07-28T00:00:00.000","5","38","0","0","0","0",,"0","0","0","0","2103","CODENSA S.A. ESP","2021","7"
"518752002770584162518752002","INFORMACION PREDIAL DE CADA CATASTRO","1","INICIAL","5630889157260471356308891","2021-07-19T00:00:00.000","2021-06-15T00:00:00.000","2021-07-14T00:00:00.000","2021-06-15T00:00:00.000","29","REGULADA","REAL","85",,"73","5","49027",,"0",,"0",,"0","0","0","0","0",,"0",,"0","0","0","0","0","0","0","0","0","0","0","0","0","0","0","0","ELECTRONICO","305307","49027","576.7919",,"2021-07-19T00:00:00.000","3","0","0","0","0","0",,"0","0","0","0","2103","CODENSA S.A. ESP","2021","7"
"694476366881786420694476366","USUARIO SIN CEDULA CATASTRAL ASOCIADA POR PARTE DEL PRESTADOR","1","INICIAL","8512265714153515285122657","2021-07-01T00:00:00.000","2021-05-26T00:00:00.000","2021-06-25T00:00:00.000","2021-05-26T00:00:00.000","30","REGULADA","REAL","86",,"162","2","49308",,"0",,"0",,"0","7396","0","0","0",,"0",,"0","0","0","0","0","0","0","0","0","0","0","0","0","0","0","0","ELECTRONICO","11982724","41912","487.349",,"2021-07-01T00:00:00.000","4","0","0","0","0","0",,"0","0","0","0","2103","CODENSA S.A. ESP","2021","7"
"163366081721597999163366081","USUARIO SIN CEDULA CATASTRAL ASOCIADA POR PARTE DEL PRESTADOR","1","INICIAL","481528402525655054481528402","2021-07-21T00:00:00.000","2021-06-16T00:00:00.000","2021-07-15T00:00:00.000","2021-06-16T00:00:00.000","29","REGULADA","REAL","83",,"40","5","47874",,"0",,"0",,"0","0","0","0","0",,"0",,"0","0","0","0","0","0","0","0","0","0","0","0","0","0","0","0","ELECTRONICO","2898283","47874","576.7919",,"2021-07-21T00:00:00.000","1","0","0","0","0","0",,"0","0","0","0","2103","CODENSA S.A. ESP","2021","7"
"517087723161192951708772","INFORMACION PREDIAL DE CADA CATASTRO","1","INICIAL","2634459689034833263445968","2021-07-21T00:00:00.000","2021-06-16T00:00:00.000","2021-07-15T00:00:00.000","2021-06-16T00:00:00.000","29","REGULADA","REAL","100",,"116","5","57679",,"0",,"0",,"0","0","0","0","0",,"0",,"0","0","0","0","0","0","0","0","0","0","0","0","0","0","0","0","ELECTRONICO","57859","57679","576.7919",,"2021-07-21T00:00:00.000","3","0","0","0","0","0",,"0","0","0","0","2103","CODENSA S.A. ESP","2021","7"
"100274084439042333100274084","USUARIO SIN CEDULA CATASTRAL ASOCIADA POR PARTE DEL PRESTADOR","1","INICIAL","736647028457884956736647028","2021-07-07T00:00:00.000","2021-06-01T00:00:00.000","2021-07-01T00:00:00.000","2021-06-01T00:00:00.000","30","REGULADA","REAL","86",,"97","2","49308",,"0",,"0",,"0","7396","0","0","0",,"0",,"0","0","0","0","0","0","0","0","0","0","0","0","0","0","0","0","ELECTROMECANICO","4542752","41912","487.349",,"2021-07-07T00:00:00.000","12","0","0","0","0","0",,"0","0","0","0","2103","CODENSA S.A. ESP","2021","7"
"376889888287303283376889888","INFORMACION PREDIAL DE CADA CATASTRO","1","INICIAL","587481621175852556587481621","2021-07-12T00:00:00.000","2021-06-04T00:00:00.000","2021-07-07T00:00:00.000","2021-06-04T00:00:00.000","33","REGULADA","REAL","38",,"42","5","20432",,"0",,"0",,"0","0","0","0","0",,"0",,"4086","0","0","0","0","0","0","0","0","0","0","0","0","0","0","0","ELECTROMECANICO","8387091","24518","645.2194",,"2021-07-12T00:00:00.000","6","0","0","0","0","0",,"0","0","0","0","2103","CODENSA S.A. ESP","2021","7"
"6895273325789860268952733","USUARIO SIN CEDULA CATASTRAL ASOCIADA POR PARTE DEL PRESTADOR","1","INICIAL","668295489309646922668295489","2021-07-01T00:00:00.000","2021-05-26T00:00:00.000","2021-06-25T00:00:00.000","2021-05-26T00:00:00.000","30","REGULADA","REAL","0",,"3","2","0",,"0",,"0",,"0","0","0","0","0",,"0",,"0","0","0","0","0","0","0","0","0","0","0","0","0","0","0","0","ELECTRONICO","8318812","0","454.3045",,"2021-07-01T00:00:00.000","2.4","0","0","0","0","0",,"0","0","0","0","2103","CODENSA S.A. ESP","2021","7"
"659182986247292274659182986","USUARIO SIN CEDULA CATASTRAL ASOCIADA POR PARTE DEL PRESTADOR","1","INICIAL","620257327643738657620257327","2021-07-09T00:00:00.000","2021-06-03T00:00:00.000","2021-07-06T00:00:00.000","2021-06-03T00:00:00.000","33","REGULADA","REAL","108",,"105","5","62294",,"0",,"0",,"0","0","0","0","0",,"0",,"0","0","0","0","0","0","0","0","1649","0","0","0","0","0","0","0","ELECTRONICO","154153","60645","576.7919",,"2021-07-09T00:00:00.000","3","0","0","0","0","0",,"0","0","0","0","2103","CODENSA S.A. ESP","2021","7"
"197530577207008532197530577","INFORMACION PREDIAL DE CADA CATASTRO","1","INICIAL","396897092956329479396897092","2021-07-14T00:00:00.000","2021-06-09T00:00:00.000","2021-07-09T00:00:00.000","2021-06-09T00:00:00.000","30","REGULADA","REAL","97",,"115","2","55949",,"0",,"0",,"0","8392","0","0","0",,"0",,"0","0","0","0","0","0","0","0","0","0","0","0","0","0","0","0","ELECTROMECANICO","16017780","47557","490.2731",,"2021-07-14T00:00:00.000","4","0","0","0","0","0",,"0","0","0","0","2103","CODENSA S.A. ESP","2021","7"
"9908930524411754599089305","USUARIO SIN CEDULA CATASTRAL ASOCIADA POR PARTE DEL PRESTADOR","1","INICIAL","40028075699587786400280756","2021-07-09T00:00:00.000","2021-06-03T00:00:00.000","2021-07-06T00:00:00.000","2021-06-03T00:00:00.000","33","REGULADA","REAL","588",,"634","5","339154",,"0",,"0",,"0","0","0","0","0",,"0",,"67831","0","0","0","148","0","0","0","0","0","0","0","0","0","0","0","ELECTROMECANICO","6034355","407133","692.1503",,"2021-07-09T00:00:00.000","2","0","0","0","0","0",,"0","0","0","0","2103","CODENSA S.A. ESP","2021","7"
"213249008540853638213249008","USUARIO SIN CEDULA CATASTRAL ASOCIADA POR PARTE DEL PRESTADOR","1","INICIAL","43722891959852664372289","2021-07-16T00:00:00.000","2021-06-11T00:00:00.000","2021-07-13T00:00:00.000","2021-06-11T00:00:00.000","32","REGULADA","REAL","146",,"161","2","84212",,"0",,"0",,"0","37491","0","0","0",,"0",,"0","0","0","0","0","0","0","0","0","0","0","0","0","0","0","0","ELECTRONICO","11047895","46721","288.396",,"2021-07-16T00:00:00.000","0.9","0","0","0","0","0",,"0","0","0","0","2103","CODENSA S.A. ESP","2021","7"
"954149170705991392954149170","USUARIO SIN CEDULA CATASTRAL ASOCIADA POR PARTE DEL PRESTADOR","1","INICIAL","677520343644722465677520343","2021-07-16T00:00:00.000","2021-06-11T00:00:00.000","2021-07-13T00:00:00.000","2021-06-11T00:00:00.000","32","REGULADA","REAL","64",,"63","2","36915",,"0",,"0",,"0","5537","0","0","0",,"0",,"0","0","0","0","0","0","0","6","175","0","0","0","0","0","0","0","ELECTRONICO","12125694","31203","490.2731",,"2021-07-16T00:00:00.000","2","0","0","0","0","0",,"0","0","0","0","2103","CODENSA S.A. ESP","2021","7"
"243989544179292228243989544","INFORMACION PREDIAL DE CADA CATASTRO","1","INICIAL","104898154229898201104898154","2021-07-23T00:00:00.000","2021-06-18T00:00:00.000","2021-07-19T00:00:00.000","2021-06-18T00:00:00.000","31","REGULADA","REAL","2",,"19","2","1154",,"18",,"-10321",,"0","173","-1548","0","0",,"0",,"0","0","0","0","0","0","0","0","0","0","0","0","0","0","0","0","ELECTRONICO","128341","-7792","490.2731",,"2021-07-23T00:00:00.000","3","0","0","0","0","0",,"0","0","0","0","2103","CODENSA S.A. ESP","2021","7"
"582970811461514054582970811","INFORMACION PREDIAL DE CADA CATASTRO","1","INICIAL","785655052484729889785655052","2021-07-19T00:00:00.000","2021-06-15T00:00:00.000","2021-07-14T00:00:00.000","2021-06-15T00:00:00.000","29","REGULADA","REAL","135",,"95","2","72587",,"0",,"0",,"0","34949","0","0","0",,"0",,"0","0","0","0","0","0","0","1","0","0","0","0","0","0","0","0","ELECTRONICO","25566161","37638","268.8415",,"2021-07-19T00:00:00.000","3","0","0","0","0","0",,"0","0","0","0","2103","CODENSA S.A. ESP","2021","7"
"76483104764692977764831047","INFORMACION PREDIAL DE CADA CATASTRO","1","INICIAL","911286762567860618911286762","2021-07-22T00:00:00.000","2021-06-17T00:00:00.000","2021-07-16T00:00:00.000","2021-06-17T00:00:00.000","29","REGULADA","REAL","30",,"29","2","17304",,"0",,"0",,"0","10382","0","0","0",,"0",,"0","0","0","0","0","0","0","0","0","0","0","0","0","0","0","0","ELECTRONICO","25571272","6922","230.7168",,"2021-07-22T00:00:00.000","3","0","0","0","0","0",,"0","0","0","0","2103","CODENSA S.A. ESP","2021","7"
"5021690926919677550216909","USUARIO SIN CEDULA CATASTRAL ASOCIADA POR PARTE DEL PRESTADOR","1","INICIAL","60491677485252586049167","2021-07-21T00:00:00.000","2021-06-16T00:00:00.000","2021-07-15T00:00:00.000","2021-06-16T00:00:00.000","29","REGULADA","REAL","69",,"66","5","39799",,"0",,"0",,"0","0","0","0","0",,"0",,"0","0","0","0","0","0","0","4","0","0","0","0","0","9","0","0","ELECTRONICO","12116441","39799","576.7919",,"2021-07-21T00:00:00.000","2","0","0","0","0","0",,"0","0","0","0","2103","CODENSA S.A. ESP","2021","7"
"216274312596936970216274312","INFORMACION PREDIAL DE CADA CATASTRO","1","INICIAL","65647822382581008656478223","2021-07-12T00:00:00.000","2021-06-04T00:00:00.000","2021-07-07T00:00:00.000","2021-06-04T00:00:00.000","33","REGULADA","REAL","85",,"108","2","49027",,"0",,"0",,"0","24514","0","0","0",,"0",,"0","0","0","0","0","0","0","0","0","0","0","0","0","0","0","0","ELECTRONICO","244808","24513","288.396",,"2021-07-12T00:00:00.000","3","0","0","0","0","0",,"0","0","0","0","2103","CODENSA S.A. ESP","2021","7"
"207571263362070592207571263","USUARIO SIN CEDULA CATASTRAL ASOCIADA POR PARTE DEL PRESTADOR","1","INICIAL","770145252254477793770145252","2021-07-06T00:00:00.000","2021-05-31T00:00:00.000","2021-06-30T00:00:00.000","2021-05-31T00:00:00.000","30","REGULADA","REAL","107",,"93","2","61349",,"0",,"0",,"0","30675","0","0","0",,"0",,"0","0","0","0","0","0","0","0","3331","0","0","0","0","0","0","0","ELECTROMECANICO","19422776","27343","286.6759",,"2021-07-06T00:00:00.000","2","0","0","0","0","0",,"0","0","0","0","2103","CODENSA S.A. ESP","2021","7"
"43282755288513432827","USUARIO SIN CEDULA CATASTRAL ASOCIADA POR PARTE DEL PRESTADOR","6","INICIAL","501674398529183852501674398","2021-07-27T00:00:00.000","2021-05-25T00:00:00.000","2021-07-26T00:00:00.000","2021-05-25T00:00:00.000","62","REGULADA","REAL","7",,"32","2","4038",,"0",,"0",,"0","2423","0","0","0",,"0",,"0","0","0","0","0","0","0","0","0","0","0","0","0","0","0","0","ELECTRONICO","20335498","1615","230.7168",,"2021-07-27T00:00:00.000","3","0","0","0","0","0",,"0","0","0","0","2103","CODENSA S.A. ESP","2021","7"
"496034478423747528496034478","USUARIO SIN CEDULA CATASTRAL ASOCIADA POR PARTE DEL PRESTADOR","1","INICIAL","97992715625179577979927156","2021-07-22T00:00:00.000","2021-06-17T00:00:00.000","2021-07-16T00:00:00.000","2021-06-17T00:00:00.000","29","REGULADA","REAL","0",,"0","5","0",,"0",,"0",,"0","0","0","0","0",,"0",,"0","0","0","0","0","0","0","0","0","0","0","0","0","0","0","0","ELECTRONICO","257913","0","645.2194",,"2021-07-22T00:00:00.000","9","0","0","0","0","0",,"0","0","0","0","2103","CODENSA S.A. ESP","2021","7"
"463658759874178500463658759","USUARIO SIN CEDULA CATASTRAL ASOCIADA POR PARTE DEL PRESTADOR","1","INICIAL","631038177217504984631038177","2021-07-28T00:00:00.000","2021-06-24T00:00:00.000","2021-07-26T00:00:00.000","2021-06-24T00:00:00.000","32","REGULADA","REAL","19",,"19","2","10216",,"0",,"0",,"0","0","0","0","0",,"0",,"0","0","0","0","0","0","0","0","0","0","0","0","0","0","0","0","ELECTROMECANICO","3593082","10216","537.6828",,"2021-07-28T00:00:00.000","2","0","0","0","0","0",,"0","0","0","0","2103","CODENSA S.A. ESP","2021","7"
"747131656601382395747131656","INFORMACION PREDIAL DE CADA CATASTRO","1","INICIAL","6167168529373770961671685","2021-07-27T00:00:00.000","2021-06-22T00:00:00.000","2021-07-22T00:00:00.000","2021-06-22T00:00:00.000","30","REGULADA","REAL","163",,"170","5","94017",,"0",,"0",,"0","0","0","0","0",,"0",,"18803","0","0","0","13","0","0","0","3265","3265","0","155","0","0","4","0","ELECTROMECANICO","4755343","109568","692.1503",,"2021-07-27T00:00:00.000","11","0","0","0","0","0",,"0","0","0","0","2103","CODENSA S.A. ESP","2021","7"
"965696722266985626965696722","USUARIO SIN CEDULA CATASTRAL ASOCIADA POR PARTE DEL PRESTADOR","1","INICIAL","268694262606752225268694262","2021-07-09T00:00:00.000","2021-06-08T00:00:00.000","2021-07-08T00:00:00.000","2021-06-08T00:00:00.000","30","REGULADA","REAL","151",,"153","1","87096",,"0",,"0",,"0","52257","0","0","0",,"0",,"0","0","0","0","0","0","0","0","0","0","0","0","0","0","0","0","ELECTRONICO","87142","34839","230.7168",,"2021-07-09T00:00:00.000","7","0","0","0","0","0",,"0","0","0","0","2103","CODENSA S.A. ESP","2021","7"
"1773463643977666617734636","INFORMACION PREDIAL DE CADA CATASTRO","1","INICIAL","418840164793570312418840164","2021-07-14T00:00:00.000","2021-06-09T00:00:00.000","2021-07-09T00:00:00.000","2021-06-09T00:00:00.000","30","REGULADA","REAL","366",,"386","2","211106",,"0",,"0",,"0","11247","0","0","0",,"0",,"0","0","0","0","0","0","0","0","0","0","0","0","0","0","0","0","ELECTROMECANICO","25897828","199859","490.2731",,"2021-07-14T00:00:00.000","9","0","0","0","0","0",,"0","0","0","0","2103","CODENSA S.A. ESP","2021","7"
"1584970347742161015849703","USUARIO SIN CEDULA CATASTRAL ASOCIADA POR PARTE DEL PRESTADOR","1","INICIAL","244855609491302690244855609","2021-07-02T00:00:00.000","2021-05-28T00:00:00.000","2021-06-29T00:00:00.000","2021-05-28T00:00:00.000","32","REGULADA","REAL","86",,"86","2","49308",,"0",,"0",,"0","24654","0","0","0",,"0",,"0","0","0","0","0","0","0","0","0","0","0","0","0","0","0","0","ELECTRONICO","11057129","24654","286.6759",,"2021-07-02T00:00:00.000","3","0","0","0","0","0",,"0","0","0","0","2103","CODENSA S.A. ESP","2021","7"
"629960962143554608629960962","USUARIO SIN CEDULA CATASTRAL ASOCIADA POR PARTE DEL PRESTADOR","1","INICIAL","150369789576229943150369789","2021-07-22T00:00:00.000","2021-05-20T00:00:00.000","2021-07-21T00:00:00.000","2021-05-20T00:00:00.000","62","REGULADA","REAL","81",,"138","1","46720",,"0",,"0",,"0","28032","0","0","0",,"0",,"0","0","51","207","0","24395","0","0","0","0","0","0","0","0","0","0","ELECTRONICO","401805","18895","230.7168",,"2021-07-22T00:00:00.000","7.2","0","0","0","0","0",,"0","0","0","0","2103","CODENSA S.A. ESP","2021","7"
"3163083761457682131630837","INFORMACION PREDIAL DE CADA CATASTRO","1","INICIAL","93859408475385065938594084","2021-07-27T00:00:00.000","2021-06-22T00:00:00.000","2021-07-22T00:00:00.000","2021-06-22T00:00:00.000","30","REGULADA","REAL","154",,"158","2","88826",,"0",,"0",,"0","44990","0","0","0",,"0",,"0","0","0","0","0","0","0","0","0","0","0","0","0","0","0","0","ELECTROMECANICO","24067398","43836","230.7168",,"2021-07-27T00:00:00.000","2","0","0","0","0","0",,"0","0","0","0","2103","CODENSA S.A. ESP","2021","7"
"77654544846727207765454","USUARIO SIN CEDULA CATASTRAL ASOCIADA POR PARTE DEL PRESTADOR","1","INICIAL","795031752669061217795031752","2021-07-07T00:00:00.000","2021-06-01T00:00:00.000","2021-07-01T00:00:00.000","2021-06-01T00:00:00.000","30","REGULADA","REAL","100",,"90","2","57335",,"0",,"0",,"0","8600","0","0","0",,"0",,"0","0","0","0","0","0","0","0","0","0","0","0","0","0","0","0","ELECTROMECANICO","10009539","48735","487.349",,"2021-07-07T00:00:00.000","11","0","0","0","0","0",,"0","0","0","0","2103","CODENSA S.A. ESP","2021","7"
"610867975793509512610867975","INFORMACION PREDIAL DE CADA CATASTRO","1","INICIAL","641921017711445972641921017","2021-07-06T00:00:00.000","2021-05-31T00:00:00.000","2021-06-30T00:00:00.000","2021-05-31T00:00:00.000","30","REGULADA","REAL","73",,"95","2","41855",,"0",,"0",,"0","6278","0","0","0",,"0",,"0","0","0","0","0","0","0","0","0","0","0","0","0","0","0","0","ELECTRONICO","875180","35577","487.349",,"2021-07-06T00:00:00.000","2","0","0","0","0","0",,"0","0","0","0","2103","CODENSA S.A. ESP","2021","7"
"85305415360547463853054153","INFORMACION PREDIAL DE CADA CATASTRO","1","INICIAL","304351326284263329304351326","2021-07-21T00:00:00.000","2021-06-16T00:00:00.000","2021-07-15T00:00:00.000","2021-06-16T00:00:00.000","29","REGULADA","REAL","0",,"0","2","0",,"0",,"0",,"0","0","0","0","0",,"0",,"0","0","1395","870","0","73397","0","0","0","0","0","0","0","0","0","0","ELECTROMECANICO","1070302","870","288.396",,"2021-07-21T00:00:00.000","7.2","0","0","0","0","0",,"0","0","0","0","2103","CODENSA S.A. ESP","2021","7"
"329020254326479141329020254","INFORMACION PREDIAL DE CADA CATASTRO","1","INICIAL","817387554886279907817387554","2021-07-27T00:00:00.000","2021-06-23T00:00:00.000","2021-07-23T00:00:00.000","2021-06-23T00:00:00.000","30","REGULADA","REAL","59",,"43","5","34031",,"0",,"0",,"0","0","0","0","0",,"0",,"6806","0","0","0","3","0","0","0","0","0","0","0","0","0","0","0","ELECTROMECANICO","6616342","40840","692.1503",,"2021-07-27T00:00:00.000","11","0","0","0","0","0",,"0","0","0","0","2103","CODENSA S.A. ESP","2021","7"
"668741701361727344668741701","USUARIO SIN CEDULA CATASTRAL ASOCIADA POR PARTE DEL PRESTADOR","1","INICIAL","238091583708123299238091583","2021-07-15T00:00:00.000","2021-06-15T00:00:00.000","2021-07-14T00:00:00.000","2021-06-15T00:00:00.000","29","REGULADA","REAL","106",,"100","2","61140",,"0",,"0",,"0","30570","0","0","0",,"0",,"0","0","0","0","0","0","0","0","0","0","0","0","0","0","0","0","ELECTRONICO","125860","30570","288.396",,"2021-07-15T00:00:00.000","7.2","0","0","0","0","0",,"0","0","0","0","2103","CODENSA S.A. ESP","2021","7"
"362291304973408600362291304","USUARIO SIN CEDULA CATASTRAL ASOCIADA POR PARTE DEL PRESTADOR","1","INICIAL","126321235788469222126321235","2021-07-02T00:00:00.000","2021-05-28T00:00:00.000","2021-06-29T00:00:00.000","2021-05-28T00:00:00.000","32","REGULADA","REAL","0",,"0","2","0",,"0",,"0",,"0","0","0","0","0",,"0",,"0","0","0","0","0","0","0","7","26","0","0","0","0","5","0","0","ELECTROMECANICO","25767556","-26","229.3407",,"2021-07-02T00:00:00.000","2","0","0","0","0","0",,"0","0","0","0","2103","CODENSA S.A. ESP","2021","7"
"759375913720911682759375913","USUARIO SIN CEDULA CATASTRAL ASOCIADA POR PARTE DEL PRESTADOR","1","INICIAL","266051373267399466266051373","2021-07-13T00:00:00.000","2021-06-08T00:00:00.000","2021-07-08T00:00:00.000","2021-06-08T00:00:00.000","30","REGULADA","REAL","169",,"155","5","97478",,"0",,"0",,"0","0","0","0","0",,"0",,"19496","0","0","0","0","0","0","0","0","0","0","0","0","0","0","0","ELECTROMECANICO","4542713","116974","692.1503",,"2021-07-13T00:00:00.000","15","0","0","0","0","0",,"0","0","0","0","2103","CODENSA S.A. ESP","2021","7"
"1593226857233900115932268","INFORMACION PREDIAL DE CADA CATASTRO","1","INICIAL","648477518376861283648477518","2021-07-22T00:00:00.000","2021-06-17T00:00:00.000","2021-07-16T00:00:00.000","2021-06-17T00:00:00.000","29","REGULADA","REAL","59",,"72","5","31723",,"0",,"0",,"0","0","0","0","0",,"0",,"0","0","0","0","0","0","0","0","0","0","0","0","0","0","0","0","ELECTRONICO","18006742","31723","537.6828",,"2021-07-22T00:00:00.000","9","1","0","0","0","0",,"0","0","0","0","2103","CODENSA S.A. ESP","2021","7"
"831069399311738448831069399","INFORMACION PREDIAL DE CADA CATASTRO","1","INICIAL","267468235908518527267468235","2021-07-21T00:00:00.000","2021-06-16T00:00:00.000","2021-07-15T00:00:00.000","2021-06-16T00:00:00.000","29","REGULADA","REAL","22",,"6","5","12689",,"0",,"0",,"0","0","0","0","0",,"0",,"2538","0","23","46","9","4013","803","0","0","0","0","0","0","0","0","0","ELECTRONICO","172370","15282","692.1503",,"2021-07-21T00:00:00.000","2","0","0","0","0","0",,"0","0","0","0","2103","CODENSA S.A. ESP","2021","7"
"784688917737669656784688917","INFORMACION PREDIAL DE CADA CATASTRO","1","INICIAL","886699772944553090886699772","2021-07-12T00:00:00.000","2021-06-04T00:00:00.000","2021-07-07T00:00:00.000","2021-06-04T00:00:00.000","33","REGULADA","REAL","335",,"282","2","193225",,"0",,"0",,"0","11247","0","0","0",,"0",,"0","0","0","0","0","0","0","0","0","0","0","0","0","0","0","0","ELECTROMECANICO","19440495","181978","490.2731",,"2021-07-12T00:00:00.000","7","0","0","0","0","0",,"0","0","0","0","2103","CODENSA S.A. ESP","2021","7"
"822158386440279714822158386","USUARIO SIN CEDULA CATASTRAL ASOCIADA POR PARTE DEL PRESTADOR","1","INICIAL","618081358377435618081","2021-07-07T00:00:00.000","2021-06-01T00:00:00.000","2021-07-01T00:00:00.000","2021-06-01T00:00:00.000","30","REGULADA","REAL","172",,"173","5","98617",,"0",,"0",,"0","0","0","0","0",,"0",,"0","0","0","0","0","0","0","0","3308","3308","0","157","0","11","1","0","ELECTROMECANICO","22343523","95309","573.3518",,"2021-07-07T00:00:00.000","9","0","0","0","0","0",,"0","0","0","0","2103","CODENSA S.A. ESP","2021","7"
"146955029180494853146955029","USUARIO SIN CEDULA CATASTRAL ASOCIADA POR PARTE DEL PRESTADOR","1","INICIAL","373834152409854274373834152","2021-07-27T00:00:00.000","2021-06-22T00:00:00.000","2021-07-22T00:00:00.000","2021-06-22T00:00:00.000","30","REGULADA","REAL","125",,"127","2","72099",,"0",,"0",,"0","43259","0","0","0",,"0",,"0","0","0","0","0","0","0","0","1549","0","0","0","0","0","0","0","ELECTRONICO","220919","27291","230.7168",,"2021-07-27T00:00:00.000","7","0","0","0","0","0",,"0","0","0","0","2103","CODENSA S.A. ESP","2021","7"
"963631650891504769963631650","USUARIO SIN CEDULA CATASTRAL ASOCIADA POR PARTE DEL PRESTADOR","1","INICIAL","813420509450356615813420509","2021-07-16T00:00:00.000","2021-06-16T00:00:00.000","2021-07-15T00:00:00.000","2021-06-16T00:00:00.000","29","REGULADA","REAL","5",,"5","2","2884",,"0",,"0",,"0","1442","0","0","0",,"0",,"0","0","85","23","0","4848","0","0","0","0","0","0","0","0","0","0","ELECTROMECANICO","19426354","1465","288.396",,"2021-07-16T00:00:00.000","2","0","0","0","0","0",,"0","0","0","0","2103","CODENSA S.A. ESP","2021","7"
"210565659438995621056565","INFORMACION PREDIAL DE CADA CATASTRO","1","INICIAL","566990250136252293566990250","2021-07-14T00:00:00.000","2021-06-09T00:00:00.000","2021-07-09T00:00:00.000","2021-06-09T00:00:00.000","30","REGULADA","REAL","112",,"112","2","64601",,"0",,"0",,"0","32301","0","0","0",,"0",,"0","0","0","0","0","0","0","0","0","0","0","0","0","0","0","0","ELECTROMECANICO","1711","32300","288.396",,"2021-07-14T00:00:00.000","6","0","0","0","0","0",,"0","0","0","0","2103","CODENSA S.A. ESP","2021","7"
"804479703454378369804479703","INFORMACION PREDIAL DE CADA CATASTRO","1","INICIAL","287846989939875021287846989","2021-07-26T00:00:00.000","2021-06-21T00:00:00.000","2021-07-21T00:00:00.000","2021-06-21T00:00:00.000","30","REGULADA","REAL","221",,"147","2","127471",,"0",,"0",,"0","11247","0","0","0",,"0",,"0","0","0","0","0","0","0","0","0","0","0","0","0","0","0","0","ELECTROMECANICO","16019647","116224","490.2731",,"2021-07-26T00:00:00.000","4","0","0","0","0","0",,"0","0","0","0","2103","CODENSA S.A. ESP","2021","7"
"587144568161934327587144568","INFORMACION PREDIAL DE CADA CATASTRO","1","INICIAL","105593293636595924105593293","2021-07-28T00:00:00.000","2021-06-24T00:00:00.000","2021-07-26T00:00:00.000","2021-06-24T00:00:00.000","32","REGULADA","REAL","173",,"167","2","99785",,"0",,"0",,"0","44990","0","0","0",,"0",,"0","0","0","0","0","0","0","0","0","0","0","0","0","0","0","0","ELECTROMECANICO","19309460","54795","230.7168",,"2021-07-28T00:00:00.000","2","0","0","0","0","0",,"0","0","0","0","2103","CODENSA S.A. ESP","2021","7"
"223509775895173288223509775","INFORMACION PREDIAL DE CADA CATASTRO","1","INICIAL","864185691318255097864185691","2021-07-27T00:00:00.000","2021-06-22T00:00:00.000","2021-07-22T00:00:00.000","2021-06-22T00:00:00.000","30","REGULADA","REAL","90",,"92","2","51911",,"0",,"0",,"0","25956","0","0","0",,"0",,"0","0","0","0","0","0","0","0","0","0","0","0","0","16","0","0","ELECTRONICO","158199","25955","288.396",,"2021-07-27T00:00:00.000","150","0","0","0","0","0",,"0","0","0","0","2103","CODENSA S.A. ESP","2021","7"
"3164663945006136231646639","USUARIO SIN CEDULA CATASTRAL ASOCIADA POR PARTE DEL PRESTADOR","1","INICIAL","42533512325879020425335123","2021-07-28T00:00:00.000","2021-06-24T00:00:00.000","2021-07-26T00:00:00.000","2021-06-24T00:00:00.000","32","REGULADA","REAL","225",,"211","2","129778",,"0",,"0",,"0","37491","0","0","0",,"0",,"0","0","0","0","0","0","0","0","0","0","0","0","0","0","0","0","ELECTROMECANICO","1011602","92287","288.396",,"2021-07-28T00:00:00.000","2","0","0","0","0","0",,"0","0","0","0","2103","CODENSA S.A. ESP","2021","7"
"774274071679532729774274071","USUARIO SIN CEDULA CATASTRAL ASOCIADA POR PARTE DEL PRESTADOR","1","INICIAL","5785390216249872457853902","2021-07-28T00:00:00.000","2021-06-24T00:00:00.000","2021-07-26T00:00:00.000","2021-06-24T00:00:00.000","32","REGULADA","REAL","97",,"82","2","55949",,"0",,"0",,"0","8392","0","0","0",,"0",,"0","0","0","0","0","0","0","0","0","0","0","0","0","2","0","0","ELECTRONICO","302665","47557","490.2731",,"2021-07-28T00:00:00.000","3","0","0","0","0","0",,"0","0","0","0","2103","CODENSA S.A. ESP","2021","7"
"697315317123375704697315317","INFORMACION PREDIAL DE CADA CATASTRO","1","INICIAL","8540707982610058085407079","2021-07-26T00:00:00.000","2021-06-21T00:00:00.000","2021-07-21T00:00:00.000","2021-06-21T00:00:00.000","30","REGULADA","REAL","650",,"677","5","374915",,"0",,"0",,"0","0","0","0","0",,"0",,"74983","0","0","0","243","0","0","3","27093","13547","13547","644","0","22","2","0","ELECTRONICO","4559","423048","692.1503",,"2021-07-26T00:00:00.000","9","0","0","0","0","0",,"0","1","0","0","2103","CODENSA S.A. ESP","2021","7"
"468855009877579075468855009","USUARIO SIN CEDULA CATASTRAL ASOCIADA POR PARTE DEL PRESTADOR","1","INICIAL","911550904996620030911550904","2021-07-26T00:00:00.000","2021-06-21T00:00:00.000","2021-07-21T00:00:00.000","2021-06-21T00:00:00.000","30","REGULADA","REAL","53",,"56","2","30570",,"0",,"0",,"0","18342","0","0","0",,"0",,"0","0","0","0","0","0","0","0","0","0","0","0","0","0","0","0","ELECTRONICO","12056051","12228","230.7168",,"2021-07-26T00:00:00.000","3","0","0","0","0","0",,"0","0","0","0","2103","CODENSA S.A. ESP","2021","7"
"805164365431065074805164365","INFORMACION PREDIAL DE CADA CATASTRO","1","INICIAL","835180759203991393835180759","2021-07-21T00:00:00.000","2021-06-16T00:00:00.000","2021-07-15T00:00:00.000","2021-06-16T00:00:00.000","29","REGULADA","REAL","0",,"1","2","0",,"0",,"0",,"0","0","0","0","0",,"0",,"0","0","0","0","0","0","0","0","0","0","0","0","0","0","0","0","ELECTRONICO","35999","0","490.2731",,"2021-07-21T00:00:00.000","5","0","0","0","0","0",,"0","0","0","0","2103","CODENSA S.A. ESP","2021","7"
"340791864290474836340791864","INFORMACION PREDIAL DE CADA CATASTRO","1","INICIAL","268704449871039333268704449","2021-07-23T00:00:00.000","2021-06-18T00:00:00.000","2021-07-19T00:00:00.000","2021-06-18T00:00:00.000","31","REGULADA","REAL","144",,"190","2","83058",,"0",,"0",,"0","11247","0","0","0",,"0",,"0","0","0","0","0","0","0","0","0","0","0","0","0","0","0","0","ELECTRONICO","16354606","71811","490.2731",,"2021-07-23T00:00:00.000","3","0","0","0","0","0",,"0","0","0","0","2103","CODENSA S.A. ESP","2021","7"
"952834598154732009952834598","USUARIO SIN CEDULA CATASTRAL ASOCIADA POR PARTE DEL PRESTADOR","1","INICIAL","964704316215254569964704316","2021-07-09T00:00:00.000","2021-06-03T00:00:00.000","2021-07-06T00:00:00.000","2021-06-03T00:00:00.000","33","REGULADA","REAL","127",,"126","2","73253",,"0",,"0",,"0","10988","0","0","0",,"0",,"0","0","0","0","0","0","0","0","0","0","0","0","0","0","0","0","ELECTRONICO","2852737","62265","490.2731",,"2021-07-09T00:00:00.000","6","0","0","0","0","0",,"0","0","0","0","2103","CODENSA S.A. ESP","2021","7"
"667267291163507688667267291","USUARIO SIN CEDULA CATASTRAL ASOCIADA POR PARTE DEL PRESTADOR","1","INICIAL","595411220685874671595411220","2021-07-06T00:00:00.000","2021-05-31T00:00:00.000","2021-06-30T00:00:00.000","2021-05-31T00:00:00.000","30","REGULADA","REAL","131",,"57","2","75109",,"0",,"0",,"0","37268","0","0","0",,"0",,"0","0","0","0","0","0","0","0","0","0","0","0","0","0","0","0","ELECTROMECANICO","7904412","37841","286.6759",,"2021-07-06T00:00:00.000","7.2","0","0","0","0","0",,"0","0","0","0","2103","CODENSA S.A. ESP","2021","7"
"656728547882385084656728547","USUARIO SIN CEDULA CATASTRAL ASOCIADA POR PARTE DEL PRESTADOR","1","INICIAL","466070169531118994466070169","2021-07-01T00:00:00.000","2021-05-27T00:00:00.000","2021-06-28T00:00:00.000","2021-05-27T00:00:00.000","32","REGULADA","REAL","200",,"150","2","106895",,"0",,"0",,"0","10422","0","0","0",,"0",,"0","0","0","0","0","0","0","0","0","0","0","0","0","0","0","0","ELECTRONICO","100504","96473","454.3045",,"2021-07-01T00:00:00.000","2","0","0","0","0","0",,"0","0","0","0","2103","CODENSA S.A. ESP","2021","7"
"995849846415643745995849846","USUARIO SIN CEDULA CATASTRAL ASOCIADA POR PARTE DEL PRESTADOR","1","INICIAL","224638521466575846224638521","2021-07-02T00:00:00.000","2021-05-28T00:00:00.000","2021-06-29T00:00:00.000","2021-05-28T00:00:00.000","32","REGULADA","REAL","89",,"97","2","51028",,"0",,"0",,"0","25514","0","0","0",,"0",,"0","0","0","0","0","0","0","0","0","0","0","0","0","0","0","0","ELECTROMECANICO","4533694","25514","286.6759",,"2021-07-02T00:00:00.000","9","0","0","0","0","0",,"0","0","0","0","2103","CODENSA S.A. ESP","2021","7"
"461530491183814954461530491","INFORMACION PREDIAL DE CADA CATASTRO","1","INICIAL","77642178859874668776421788","2021-07-27T00:00:00.000","2021-06-22T00:00:00.000","2021-07-22T00:00:00.000","2021-06-22T00:00:00.000","30","REGULADA","REAL","0",,"0","2","0",,"0",,"0",,"0","0","0","0","0",,"0",,"0","0","0","0","0","0","0","0","0","0","0","0","0","0","0","0","ELECTRONICO","60017733","0","490.2731",,"2021-07-27T00:00:00.000","5","0","0","0","0","0",,"0","0","0","0","2103","CODENSA S.A. ESP","2021","7"
"9269460488979158792694604","USUARIO SIN CEDULA CATASTRAL ASOCIADA POR PARTE DEL PRESTADOR","1","INICIAL","402779988533033372402779988","2021-07-13T00:00:00.000","2021-06-08T00:00:00.000","2021-07-08T00:00:00.000","2021-06-08T00:00:00.000","30","REGULADA","REAL","383",,"205","5","220911",,"0",,"0",,"0","0","0","0","0",,"0",,"44182","0","0","0","76","0","0","0","0","0","0","0","0","0","0","0","ELECTRONICO","1063035","265169","692.1503",,"2021-07-13T00:00:00.000","150","0","0","0","0","0",,"0","0","0","0","2103","CODENSA S.A. ESP","2021","7"
"122460487541555981122460487","INFORMACION PREDIAL DE CADA CATASTRO","1","INICIAL","682077351730324766682077351","2021-07-07T00:00:00.000","2021-06-01T00:00:00.000","2021-07-01T00:00:00.000","2021-06-01T00:00:00.000","30","REGULADA","REAL","63",,"58","5","36121",,"0",,"0",,"0","0","0","0","0",,"0",,"0","0","0","0","0","0","0","0","0","0","0","0","0","0","0","0","ELECTRONICO","11055081","36121","573.3518",,"2021-07-07T00:00:00.000","2","0","0","0","0","0",,"0","0","0","0","2103","CODENSA S.A. ESP","2021","7"
